Producto,Categoría,Cantidad,Precio Total,Fecha
"Arroz Diana 1Kg","Granos y cereales",8,518800.00,"2026-03-14 01:27:00"
"Arroz Roa 5Kg","Granos y cereales",8,518800.00,"2026-03-14 01:27:00"
"Lentejas 500g","Granos y cereales",11,518800.00,"2026-03-14 01:27:00"
"Frijol rojo 500g","Granos y cereales",5,518800.00,"2026-03-14 01:27:00"
"Pasta Doria Espagueti 250g","Granos y cereales",7,518800.00,"2026-03-14 01:27:00"
"Harina de Trigo 1Kg","Granos y cereales",2,518800.00,"2026-03-14 01:27:00"
"Leche Alqueria Entera 1L","Lacteos",12,518800.00,"2026-03-14 01:27:00"
"Leche Colanta Deslactosada 1L","Lacteos",6,518800.00,"2026-03-14 01:27:00"
"Yogurt Alpina 1L","Lacteos",11,518800.00,"2026-03-14 01:27:00"
"Queso Campesino 500g","Lacteos",4,518800.00,"2026-03-14 01:27:00"
"Gaseosa Postobon Manzana 350ml","Bebidas",4,518800.00,"2026-03-14 01:27:00"
"Jugo Hit Naranja 1L","Bebidas",4,518800.00,"2026-03-14 01:27:00"
"Agua Cristal 600ml","Bebidas",7,518800.00,"2026-03-14 01:27:00"
"Cerveza Poker 330ml","Bebidas",9,518800.00,"2026-03-14 01:27:00"
"Aguardiante Antioqueno 375ml","Bebidas",2,493300.00,"2026-03-14 01:00:00"
"Atun Van Camps 160g","Enlatados",1,493300.00,"2026-03-14 01:00:00"
"Sardina Isabel 170g","Enlatados",2,493300.00,"2026-03-14 01:00:00"
"Frijoles enlatados Zenú 300g","Enlatados",3,493300.00,"2026-03-14 01:00:00"
"Salchicha Ranchera x5","Enlatados",4,493300.00,"2026-03-14 01:00:00"
"Papas Margarita Natural 30g","Snacks",4,493300.00,"2026-03-14 01:00:00"
"Galletas Festival Chocolate","Snacks",11,493300.00,"2026-03-14 01:00:00"
"Chocolate Jet 50g","Snacks",3,493300.00,"2026-03-14 01:00:00"
"Chocoramo","Snacks",3,493300.00,"2026-03-14 01:00:00"
"Aceite Girasol 1L","Basicos hogar",9,493300.00,"2026-03-14 01:00:00"
"Azucar Manuelita 1Kg","Basicos hogar",8,493300.00,"2026-03-14 01:00:00"
"Cafe Sello Rojo 250g","Basicos hogar",11,493300.00,"2026-03-14 01:00:00"
"Panela redonda 500g","Basicos hogar",5,493300.00,"2026-03-14 01:00:00"
"Huevos x30 unidades","Basicos hogar",10,493300.00,"2026-03-14 01:00:00"
"Arroz Diana 1Kg","Granos y cereales",6,517500.00,"2026-03-13 01:55:00"
"Arroz Roa 5Kg","Granos y cereales",7,517500.00,"2026-03-13 01:55:00"
"Lentejas 500g","Granos y cereales",12,517500.00,"2026-03-13 01:55:00"
"Frijol rojo 500g","Granos y cereales",9,517500.00,"2026-03-13 01:55:00"
"Avena Quaker 400g","Granos y cereales",3,517500.00,"2026-03-13 01:55:00"
"Pasta Doria Espagueti 250g","Granos y cereales",11,517500.00,"2026-03-13 01:55:00"
"Leche Alqueria Entera 1L","Lacteos",9,517500.00,"2026-03-13 01:55:00"
"Leche Colanta Deslactosada 1L","Lacteos",6,517500.00,"2026-03-13 01:55:00"
"Yogurt Alpina 1L","Lacteos",12,517500.00,"2026-03-13 01:55:00"
"Queso Campesino 500g","Lacteos",3,517500.00,"2026-03-13 01:55:00"
"Mantequilla 250g","Lacteos",4,517500.00,"2026-03-13 01:55:00"
"Coca-Cola 350ml","Bebidas",9,517500.00,"2026-03-13 01:55:00"
"Gaseosa Postobon Manzana 350ml","Bebidas",4,517500.00,"2026-03-13 01:55:00"
"Jugo Hit Naranja 1L","Bebidas",4,517500.00,"2026-03-13 01:55:00"
"Agua Cristal 600ml","Bebidas",9,462100.00,"2026-03-12 15:27:00"
"Cerveza Poker 330ml","Bebidas",11,462100.00,"2026-03-12 15:27:00"
"Papel Higienico Familia x4","Aseo",1,462100.00,"2026-03-12 15:27:00"
"Sardina Isabel 170g","Enlatados",2,462100.00,"2026-03-12 15:27:00"
"Frijoles enlatados Zenú 300g","Enlatados",5,462100.00,"2026-03-12 15:27:00"
"Papas Margarita Natural 30g","Snacks",12,462100.00,"2026-03-12 15:27:00"
"Galletas Festival Chocolate","Snacks",5,462100.00,"2026-03-12 15:27:00"
"Chiclets Adams x3","Snacks",2,462100.00,"2026-03-12 15:27:00"
"Chocoramo","Snacks",7,462100.00,"2026-03-12 15:27:00"
"Aceite Girasol 1L","Basicos hogar",9,462100.00,"2026-03-12 15:27:00"
"Azucar Manuelita 1Kg","Basicos hogar",5,462100.00,"2026-03-12 15:27:00"
"Cafe Sello Rojo 250g","Basicos hogar",5,462100.00,"2026-03-12 15:27:00"
"Panela redonda 500g","Basicos hogar",5,462100.00,"2026-03-12 15:27:00"
"Huevos x30 unidades","Basicos hogar",11,462100.00,"2026-03-12 15:27:00"
"Arroz Diana 1Kg","Granos y cereales",5,692200.00,"2026-03-11 12:37:00"
"Lentejas 500g","Granos y cereales",4,692200.00,"2026-03-11 12:37:00"
"Frijol rojo 500g","Granos y cereales",5,692200.00,"2026-03-11 12:37:00"
"Avena Quaker 400g","Granos y cereales",5,692200.00,"2026-03-11 12:37:00"
"Pasta Doria Espagueti 250g","Granos y cereales",8,692200.00,"2026-03-11 12:37:00"
"Leche Alqueria Entera 1L","Lacteos",6,692200.00,"2026-03-11 12:37:00"
"Leche Colanta Deslactosada 1L","Lacteos",12,692200.00,"2026-03-11 12:37:00"
"Yogurt Alpina 1L","Lacteos",10,692200.00,"2026-03-11 12:37:00"
"Queso Campesino 500g","Lacteos",3,692200.00,"2026-03-11 12:37:00"
"Mantequilla 250g","Lacteos",2,692200.00,"2026-03-11 12:37:00"
"Coca-Cola 350ml","Bebidas",3,692200.00,"2026-03-11 12:37:00"
"Gaseosa Postobon Manzana 350ml","Bebidas",12,692200.00,"2026-03-11 12:37:00"
"Jugo Hit Naranja 1L","Bebidas",3,692200.00,"2026-03-11 12:37:00"
"Agua Cristal 600ml","Bebidas",5,692200.00,"2026-03-11 12:37:00"
"Cerveza Poker 330ml","Bebidas",8,692200.00,"2026-03-11 12:37:00"
"Aguardiante Antioqueno 375ml","Bebidas",1,692200.00,"2026-03-11 12:37:00"
"Papel Higienico Familia x4","Aseo",1,692200.00,"2026-03-11 12:37:00"
"Atun Van Camps 160g","Enlatados",3,692200.00,"2026-03-11 12:37:00"
"Salchicha Ranchera x5","Enlatados",5,692200.00,"2026-03-11 12:37:00"
"Galletas Festival Chocolate","Snacks",6,692200.00,"2026-03-11 12:37:00"
"Chocoramo","Snacks",4,692200.00,"2026-03-11 12:37:00"
"Aceite Girasol 1L","Basicos hogar",4,692200.00,"2026-03-11 12:37:00"
"Azucar Manuelita 1Kg","Basicos hogar",6,692200.00,"2026-03-11 12:37:00"
"Cafe Sello Rojo 250g","Basicos hogar",7,692200.00,"2026-03-11 12:37:00"
"Huevos x30 unidades","Basicos hogar",8,692200.00,"2026-03-11 12:37:00"
"Detergente Fab 1Kg","Aseo",1,160200.00,"2026-03-10 20:44:00"
"Papel Higienico Familia x4","Aseo",1,160200.00,"2026-03-10 20:44:00"
"Cloro Blancox 500ml","Aseo",2,160200.00,"2026-03-10 20:44:00"
"Frijoles enlatados Zenú 300g","Enlatados",2,160200.00,"2026-03-10 20:44:00"
"Salchicha Ranchera x5","Enlatados",3,160200.00,"2026-03-10 20:44:00"
"Papas Margarita Natural 30g","Snacks",4,160200.00,"2026-03-10 20:44:00"
"Galletas Festival Chocolate","Snacks",11,160200.00,"2026-03-10 20:44:00"
"Chocoramo","Snacks",11,160200.00,"2026-03-10 20:44:00"
"Aceite Girasol 1L","Basicos hogar",4,160200.00,"2026-03-10 20:44:00"
"Azucar Manuelita 1Kg","Basicos hogar",7,160200.00,"2026-03-10 20:44:00"
"Panela redonda 500g","Basicos hogar",1,160200.00,"2026-03-10 20:44:00"
"Arroz Diana 1Kg","Granos y cereales",4,385800.00,"2026-03-10 14:55:00"
"Arroz Roa 5Kg","Granos y cereales",8,385800.00,"2026-03-10 14:55:00"
"Frijol rojo 500g","Granos y cereales",10,385800.00,"2026-03-10 14:55:00"
"Avena Quaker 400g","Granos y cereales",5,385800.00,"2026-03-10 14:55:00"
"Pasta Doria Espagueti 250g","Granos y cereales",9,385800.00,"2026-03-10 14:55:00"
"Leche Alqueria Entera 1L","Lacteos",4,385800.00,"2026-03-10 14:55:00"
"Leche Colanta Deslactosada 1L","Lacteos",3,385800.00,"2026-03-10 14:55:00"
"Coca-Cola 350ml","Bebidas",7,385800.00,"2026-03-10 14:55:00"
"Gaseosa Postobon Manzana 350ml","Bebidas",12,385800.00,"2026-03-10 14:55:00"
"Jugo Hit Naranja 1L","Bebidas",1,385800.00,"2026-03-10 14:55:00"
"Agua Cristal 600ml","Bebidas",3,385800.00,"2026-03-10 14:55:00"
"Cerveza Poker 330ml","Bebidas",10,385800.00,"2026-03-10 14:55:00"
"Cerveza Poker 330ml","Bebidas",8,106100.00,"2026-03-09 23:18:00"
"Aguardiante Antioqueno 375ml","Bebidas",1,106100.00,"2026-03-09 23:18:00"
"Detergente Fab 1Kg","Aseo",2,106100.00,"2026-03-09 23:18:00"
"Papel Higienico Familia x4","Aseo",1,106100.00,"2026-03-09 23:18:00"
"Frijoles enlatados Zenú 300g","Enlatados",2,106100.00,"2026-03-09 23:18:00"
"Salchicha Ranchera x5","Enlatados",4,106100.00,"2026-03-09 23:18:00"
"Papas Margarita Natural 30g","Snacks",5,106100.00,"2026-03-09 23:18:00"
"Galletas Festival Chocolate","Snacks",11,290700.00,"2026-03-09 19:31:00"
"Chocoramo","Snacks",3,290700.00,"2026-03-09 19:31:00"
"Aceite Girasol 1L","Basicos hogar",7,290700.00,"2026-03-09 19:31:00"
"Azucar Manuelita 1Kg","Basicos hogar",5,290700.00,"2026-03-09 19:31:00"
"Cafe Sello Rojo 250g","Basicos hogar",3,290700.00,"2026-03-09 19:31:00"
"Huevos x30 unidades","Basicos hogar",10,290700.00,"2026-03-09 19:31:00"
"Arroz Roa 5Kg","Granos y cereales",7,250700.00,"2026-03-09 17:48:00"
"Lentejas 500g","Granos y cereales",11,250700.00,"2026-03-09 17:48:00"
"Frijol rojo 500g","Granos y cereales",5,250700.00,"2026-03-09 17:48:00"
"Pasta Doria Espagueti 250g","Granos y cereales",3,250700.00,"2026-03-09 17:48:00"
"Harina de Trigo 1Kg","Granos y cereales",2,250700.00,"2026-03-09 17:48:00"
"Leche Alqueria Entera 1L","Lacteos",4,250700.00,"2026-03-09 17:48:00"
"Leche Colanta Deslactosada 1L","Lacteos",4,250700.00,"2026-03-09 17:48:00"
"Yogurt Alpina 1L","Lacteos",8,134600.00,"2026-03-09 15:22:00"
"Queso Campesino 500g","Lacteos",2,134600.00,"2026-03-09 15:22:00"
"Mantequilla 250g","Lacteos",1,134600.00,"2026-03-09 15:22:00"
"Coca-Cola 350ml","Bebidas",3,134600.00,"2026-03-09 15:22:00"
"Gaseosa Postobon Manzana 350ml","Bebidas",12,134600.00,"2026-03-09 15:22:00"
"Jugo Hit Naranja 1L","Bebidas",5,134600.00,"2026-03-09 15:22:00"
"Agua Cristal 600ml","Bebidas",10,134600.00,"2026-03-09 15:22:00"
"Yogurt Alpina 1L","Lacteos",13,205500.00,"2026-03-09 01:29:00"
"Queso Campesino 500g","Lacteos",1,205500.00,"2026-03-09 01:29:00"
"Mantequilla 250g","Lacteos",7,205500.00,"2026-03-09 01:29:00"
"Coca-Cola 350ml","Bebidas",12,205500.00,"2026-03-09 01:29:00"
"Gaseosa Postobon Manzana 350ml","Bebidas",4,205500.00,"2026-03-09 01:29:00"
"Agua Cristal 600ml","Bebidas",13,205500.00,"2026-03-09 01:29:00"
"Cerveza Poker 330ml","Bebidas",9,205500.00,"2026-03-09 01:29:00"
"Papel Higienico Familia x4","Aseo",1,205500.00,"2026-03-09 01:29:00"
"Cepillo de Dientes Colgate","Aseo",1,110100.00,"2026-03-08 17:17:00"
"Atun Van Camps 160g","Enlatados",3,110100.00,"2026-03-08 17:17:00"
"Frijoles enlatados Zenú 300g","Enlatados",3,110100.00,"2026-03-08 17:17:00"
"Salchicha Ranchera x5","Enlatados",5,110100.00,"2026-03-08 17:17:00"
"Papas Margarita Natural 30g","Snacks",4,110100.00,"2026-03-08 17:17:00"
"Galletas Festival Chocolate","Snacks",10,110100.00,"2026-03-08 17:17:00"
"Chocolate Jet 50g","Snacks",7,110100.00,"2026-03-08 17:17:00"
"Chocoramo","Snacks",8,110100.00,"2026-03-08 17:17:00"
"Arroz Diana 1Kg","Granos y cereales",7,477600.00,"2026-03-08 15:14:00"
"Arroz Roa 5Kg","Granos y cereales",12,477600.00,"2026-03-08 15:14:00"
"Lentejas 500g","Granos y cereales",12,477600.00,"2026-03-08 15:14:00"
"Frijol rojo 500g","Granos y cereales",10,477600.00,"2026-03-08 15:14:00"
"Pasta Doria Espagueti 250g","Granos y cereales",9,477600.00,"2026-03-08 15:14:00"
"Harina de Trigo 1Kg","Granos y cereales",3,477600.00,"2026-03-08 15:14:00"
"Leche Alqueria Entera 1L","Lacteos",12,477600.00,"2026-03-08 15:14:00"
"Leche Colanta Deslactosada 1L","Lacteos",8,477600.00,"2026-03-08 15:14:00"
"Aceite Girasol 1L","Basicos hogar",9,276900.00,"2026-03-08 12:33:00"
"Azucar Manuelita 1Kg","Basicos hogar",4,276900.00,"2026-03-08 12:33:00"
"Sal Refisal 1Kg","Basicos hogar",3,276900.00,"2026-03-08 12:33:00"
"Cafe Sello Rojo 250g","Basicos hogar",4,276900.00,"2026-03-08 12:33:00"
"Panela redonda 500g","Basicos hogar",4,276900.00,"2026-03-08 12:33:00"
"Huevos x30 unidades","Basicos hogar",8,276900.00,"2026-03-08 12:33:00"
"Arroz Diana 1Kg","Granos y cereales",12,994400.00,"2026-03-07 17:47:00"
"Arroz Roa 5Kg","Granos y cereales",5,994400.00,"2026-03-07 17:47:00"
"Lentejas 500g","Granos y cereales",10,994400.00,"2026-03-07 17:47:00"
"Frijol rojo 500g","Granos y cereales",7,994400.00,"2026-03-07 17:47:00"
"Avena Quaker 400g","Granos y cereales",5,994400.00,"2026-03-07 17:47:00"
"Pasta Doria Espagueti 250g","Granos y cereales",7,994400.00,"2026-03-07 17:47:00"
"Harina de Trigo 1Kg","Granos y cereales",5,994400.00,"2026-03-07 17:47:00"
"Leche Alqueria Entera 1L","Lacteos",8,994400.00,"2026-03-07 17:47:00"
"Leche Colanta Deslactosada 1L","Lacteos",12,994400.00,"2026-03-07 17:47:00"
"Yogurt Alpina 1L","Lacteos",14,994400.00,"2026-03-07 17:47:00"
"Queso Campesino 500g","Lacteos",4,994400.00,"2026-03-07 17:47:00"
"Mantequilla 250g","Lacteos",7,994400.00,"2026-03-07 17:47:00"
"Coca-Cola 350ml","Bebidas",14,994400.00,"2026-03-07 17:47:00"
"Gaseosa Postobon Manzana 350ml","Bebidas",4,994400.00,"2026-03-07 17:47:00"
"Agua Cristal 600ml","Bebidas",8,994400.00,"2026-03-07 17:47:00"
"Cerveza Poker 330ml","Bebidas",5,994400.00,"2026-03-07 17:47:00"
"Aguardiante Antioqueno 375ml","Bebidas",1,994400.00,"2026-03-07 17:47:00"
"Detergente Fab 1Kg","Aseo",1,994400.00,"2026-03-07 17:47:00"
"Papel Higienico Familia x4","Aseo",5,994400.00,"2026-03-07 17:47:00"
"Atun Van Camps 160g","Enlatados",1,994400.00,"2026-03-07 17:47:00"
"Frijoles enlatados Zenú 300g","Enlatados",4,994400.00,"2026-03-07 17:47:00"
"Salchicha Ranchera x5","Enlatados",4,994400.00,"2026-03-07 17:47:00"
"Papas Margarita Natural 30g","Snacks",7,994400.00,"2026-03-07 17:47:00"
"Galletas Festival Chocolate","Snacks",5,994400.00,"2026-03-07 17:47:00"
"Chocolate Jet 50g","Snacks",5,994400.00,"2026-03-07 17:47:00"
"Chocoramo","Snacks",14,994400.00,"2026-03-07 17:47:00"
"Aceite Girasol 1L","Basicos hogar",8,994400.00,"2026-03-07 17:47:00"
"Azucar Manuelita 1Kg","Basicos hogar",8,994400.00,"2026-03-07 17:47:00"
"Sal Refisal 1Kg","Basicos hogar",3,994400.00,"2026-03-07 17:47:00"
"Cafe Sello Rojo 250g","Basicos hogar",8,994400.00,"2026-03-07 17:47:00"
"Panela redonda 500g","Basicos hogar",1,994400.00,"2026-03-07 17:47:00"
"Huevos x30 unidades","Basicos hogar",4,994400.00,"2026-03-07 17:47:00"
"Queso Campesino 500g","Lacteos",2,123100.00,"2026-03-06 21:29:00"
"Mantequilla 250g","Lacteos",5,123100.00,"2026-03-06 21:29:00"
"Agua Cristal 600ml","Bebidas",5,123100.00,"2026-03-06 21:29:00"
"Cerveza Poker 330ml","Bebidas",11,123100.00,"2026-03-06 21:29:00"
"Jabon Rey 300g","Aseo",2,123100.00,"2026-03-06 21:29:00"
"Papel Higienico Familia x4","Aseo",2,123100.00,"2026-03-06 21:29:00"
"Cloro Blancox 500ml","Aseo",2,123100.00,"2026-03-06 21:29:00"
"Atun Van Camps 160g","Enlatados",2,123100.00,"2026-03-06 21:29:00"
"Salchicha Ranchera x5","Enlatados",1,123100.00,"2026-03-06 21:29:00"
"Arroz Diana 1Kg","Granos y cereales",9,342600.00,"2026-03-06 18:19:00"
"Arroz Roa 5Kg","Granos y cereales",5,342600.00,"2026-03-06 18:19:00"
"Lentejas 500g","Granos y cereales",6,342600.00,"2026-03-06 18:19:00"
"Frijol rojo 500g","Granos y cereales",7,342600.00,"2026-03-06 18:19:00"
"Avena Quaker 400g","Granos y cereales",1,342600.00,"2026-03-06 18:19:00"
"Pasta Doria Espagueti 250g","Granos y cereales",4,342600.00,"2026-03-06 18:19:00"
"Leche Alqueria Entera 1L","Lacteos",12,342600.00,"2026-03-06 18:19:00"
"Leche Colanta Deslactosada 1L","Lacteos",4,342600.00,"2026-03-06 18:19:00"
"Yogurt Alpina 1L","Lacteos",12,342600.00,"2026-03-06 18:19:00"
"Papas Margarita Natural 30g","Snacks",8,152000.00,"2026-03-06 16:36:00"
"Galletas Festival Chocolate","Snacks",10,152000.00,"2026-03-06 16:36:00"
"Chiclets Adams x3","Snacks",1,152000.00,"2026-03-06 16:36:00"
"Chocoramo","Snacks",9,152000.00,"2026-03-06 16:36:00"
"Aceite Girasol 1L","Basicos hogar",3,152000.00,"2026-03-06 16:36:00"
"Cafe Sello Rojo 250g","Basicos hogar",8,152000.00,"2026-03-06 16:36:00"
"Panela redonda 500g","Basicos hogar",5,152000.00,"2026-03-06 16:36:00"
"Queso Campesino 500g","Lacteos",2,187500.00,"2026-03-05 20:47:00"
"Mantequilla 250g","Lacteos",4,187500.00,"2026-03-05 20:47:00"
"Coca-Cola 350ml","Bebidas",9,187500.00,"2026-03-05 20:47:00"
"Gaseosa Postobon Manzana 350ml","Bebidas",5,187500.00,"2026-03-05 20:47:00"
"Agua Cristal 600ml","Bebidas",6,187500.00,"2026-03-05 20:47:00"
"Cerveza Poker 330ml","Bebidas",10,187500.00,"2026-03-05 20:47:00"
"Aguardiante Antioqueno 375ml","Bebidas",2,187500.00,"2026-03-05 20:47:00"
"Papel Higienico Familia x4","Aseo",1,187500.00,"2026-03-05 20:47:00"
"Sardina Isabel 170g","Enlatados",5,187500.00,"2026-03-05 20:47:00"
"Frijoles enlatados Zenú 300g","Enlatados",4,187500.00,"2026-03-05 20:47:00"
"Salchicha Ranchera x5","Enlatados",3,332100.00,"2026-03-05 13:55:00"
"Papas Margarita Natural 30g","Snacks",12,332100.00,"2026-03-05 13:55:00"
"Galletas Festival Chocolate","Snacks",3,332100.00,"2026-03-05 13:55:00"
"Chocoramo","Snacks",12,332100.00,"2026-03-05 13:55:00"
"Aceite Girasol 1L","Basicos hogar",10,332100.00,"2026-03-05 13:55:00"
"Azucar Manuelita 1Kg","Basicos hogar",11,332100.00,"2026-03-05 13:55:00"
"Sal Refisal 1Kg","Basicos hogar",1,332100.00,"2026-03-05 13:55:00"
"Cafe Sello Rojo 250g","Basicos hogar",7,332100.00,"2026-03-05 13:55:00"
"Huevos x30 unidades","Basicos hogar",4,332100.00,"2026-03-05 13:55:00"
"Arroz Diana 1Kg","Granos y cereales",4,392100.00,"2026-03-05 12:01:00"
"Arroz Roa 5Kg","Granos y cereales",8,392100.00,"2026-03-05 12:01:00"
"Lentejas 500g","Granos y cereales",8,392100.00,"2026-03-05 12:01:00"
"Frijol rojo 500g","Granos y cereales",8,392100.00,"2026-03-05 12:01:00"
"Avena Quaker 400g","Granos y cereales",3,392100.00,"2026-03-05 12:01:00"
"Pasta Doria Espagueti 250g","Granos y cereales",7,392100.00,"2026-03-05 12:01:00"
"Harina de Trigo 1Kg","Granos y cereales",2,392100.00,"2026-03-05 12:01:00"
"Leche Alqueria Entera 1L","Lacteos",11,392100.00,"2026-03-05 12:01:00"
"Leche Colanta Deslactosada 1L","Lacteos",10,392100.00,"2026-03-05 12:01:00"
"Yogurt Alpina 1L","Lacteos",3,392100.00,"2026-03-05 12:01:00"
"Arroz Diana 1Kg","Granos y cereales",7,808600.00,"2026-03-05 00:39:00"
"Arroz Roa 5Kg","Granos y cereales",10,808600.00,"2026-03-05 00:39:00"
"Lentejas 500g","Granos y cereales",9,808600.00,"2026-03-05 00:39:00"
"Frijol rojo 500g","Granos y cereales",5,808600.00,"2026-03-05 00:39:00"
"Pasta Doria Espagueti 250g","Granos y cereales",10,808600.00,"2026-03-05 00:39:00"
"Harina de Trigo 1Kg","Granos y cereales",3,808600.00,"2026-03-05 00:39:00"
"Leche Alqueria Entera 1L","Lacteos",12,808600.00,"2026-03-05 00:39:00"
"Leche Colanta Deslactosada 1L","Lacteos",5,808600.00,"2026-03-05 00:39:00"
"Yogurt Alpina 1L","Lacteos",5,808600.00,"2026-03-05 00:39:00"
"Queso Campesino 500g","Lacteos",1,808600.00,"2026-03-05 00:39:00"
"Coca-Cola 350ml","Bebidas",5,808600.00,"2026-03-05 00:39:00"
"Gaseosa Postobon Manzana 350ml","Bebidas",7,808600.00,"2026-03-05 00:39:00"
"Agua Cristal 600ml","Bebidas",7,808600.00,"2026-03-05 00:39:00"
"Cerveza Poker 330ml","Bebidas",12,808600.00,"2026-03-05 00:39:00"
"Papel Higienico Familia x4","Aseo",4,808600.00,"2026-03-05 00:39:00"
"Atun Van Camps 160g","Enlatados",5,808600.00,"2026-03-05 00:39:00"
"Papas Margarita Natural 30g","Snacks",3,808600.00,"2026-03-05 00:39:00"
"Galletas Festival Chocolate","Snacks",4,808600.00,"2026-03-05 00:39:00"
"Chocolate Jet 50g","Snacks",4,808600.00,"2026-03-05 00:39:00"
"Chocoramo","Snacks",12,808600.00,"2026-03-05 00:39:00"
"Azucar Manuelita 1Kg","Basicos hogar",4,808600.00,"2026-03-05 00:39:00"
"Cafe Sello Rojo 250g","Basicos hogar",11,808600.00,"2026-03-05 00:39:00"
"Panela redonda 500g","Basicos hogar",1,808600.00,"2026-03-05 00:39:00"
"Huevos x30 unidades","Basicos hogar",6,808600.00,"2026-03-05 00:39:00"
"Arroz Diana 1Kg","Granos y cereales",8,262100.00,"2026-03-03 23:29:00"
"Arroz Roa 5Kg","Granos y cereales",7,262100.00,"2026-03-03 23:29:00"
"Frijol rojo 500g","Granos y cereales",10,262100.00,"2026-03-03 23:29:00"
"Avena Quaker 400g","Granos y cereales",2,262100.00,"2026-03-03 23:29:00"
"Pasta Doria Espagueti 250g","Granos y cereales",6,262100.00,"2026-03-03 23:29:00"
"Harina de Trigo 1Kg","Granos y cereales",2,262100.00,"2026-03-03 23:29:00"
"Leche Alqueria Entera 1L","Lacteos",3,262100.00,"2026-03-03 23:29:00"
"Leche Colanta Deslactosada 1L","Lacteos",11,224100.00,"2026-03-03 22:13:00"
"Yogurt Alpina 1L","Lacteos",10,224100.00,"2026-03-03 22:13:00"
"Queso Campesino 500g","Lacteos",4,224100.00,"2026-03-03 22:13:00"
"Mantequilla 250g","Lacteos",5,224100.00,"2026-03-03 22:13:00"
"Coca-Cola 350ml","Bebidas",12,224100.00,"2026-03-03 22:13:00"
"Gaseosa Postobon Manzana 350ml","Bebidas",8,224100.00,"2026-03-03 22:13:00"
"Jugo Hit Naranja 1L","Bebidas",3,224100.00,"2026-03-03 22:13:00"
"Agua Cristal 600ml","Bebidas",7,96800.00,"2026-03-03 18:14:00"
"Cerveza Poker 330ml","Bebidas",12,96800.00,"2026-03-03 18:14:00"
"Detergente Fab 1Kg","Aseo",1,96800.00,"2026-03-03 18:14:00"
"Cloro Blancox 500ml","Aseo",1,96800.00,"2026-03-03 18:14:00"
"Sardina Isabel 170g","Enlatados",3,96800.00,"2026-03-03 18:14:00"
"Papas Margarita Natural 30g","Snacks",10,96800.00,"2026-03-03 18:14:00"
"Galletas Festival Chocolate","Snacks",3,96800.00,"2026-03-03 18:14:00"
"Chocolate Jet 50g","Snacks",1,364600.00,"2026-03-03 16:35:00"
"Chocoramo","Snacks",10,364600.00,"2026-03-03 16:35:00"
"Aceite Girasol 1L","Basicos hogar",8,364600.00,"2026-03-03 16:35:00"
"Azucar Manuelita 1Kg","Basicos hogar",9,364600.00,"2026-03-03 16:35:00"
"Cafe Sello Rojo 250g","Basicos hogar",10,364600.00,"2026-03-03 16:35:00"
"Panela redonda 500g","Basicos hogar",2,364600.00,"2026-03-03 16:35:00"
"Huevos x30 unidades","Basicos hogar",9,364600.00,"2026-03-03 16:35:00"
"Papel Higienico Familia x4","Aseo",7,155700.00,"2026-03-02 18:46:00"
"Atun Van Camps 160g","Enlatados",7,155700.00,"2026-03-02 18:46:00"
"Sardina Isabel 170g","Enlatados",4,155700.00,"2026-03-02 18:46:00"
"Frijoles enlatados Zenú 300g","Enlatados",1,155700.00,"2026-03-02 18:46:00"
"Maiz tierno Zenú 300g","Enlatados",1,155700.00,"2026-03-02 18:46:00"
"Salchicha Ranchera x5","Enlatados",3,155700.00,"2026-03-02 18:46:00"
"Papas Margarita Natural 30g","Snacks",10,155700.00,"2026-03-02 18:46:00"
"Galletas Festival Chocolate","Snacks",8,155700.00,"2026-03-02 18:46:00"
"Chocolate Jet 50g","Snacks",1,614800.00,"2026-03-02 18:00:00"
"Chocoramo","Snacks",4,614800.00,"2026-03-02 18:00:00"
"Aceite Girasol 1L","Basicos hogar",15,614800.00,"2026-03-02 18:00:00"
"Azucar Manuelita 1Kg","Basicos hogar",15,614800.00,"2026-03-02 18:00:00"
"Cafe Sello Rojo 250g","Basicos hogar",14,614800.00,"2026-03-02 18:00:00"
"Panela redonda 500g","Basicos hogar",7,614800.00,"2026-03-02 18:00:00"
"Huevos x30 unidades","Basicos hogar",17,614800.00,"2026-03-02 18:00:00"
"Arroz Diana 1Kg","Granos y cereales",17,606600.00,"2026-03-02 17:55:00"
"Arroz Roa 5Kg","Granos y cereales",17,606600.00,"2026-03-02 17:55:00"
"Lentejas 500g","Granos y cereales",6,606600.00,"2026-03-02 17:55:00"
"Frijol rojo 500g","Granos y cereales",7,606600.00,"2026-03-02 17:55:00"
"Pasta Doria Espagueti 250g","Granos y cereales",10,606600.00,"2026-03-02 17:55:00"
"Harina de Trigo 1Kg","Granos y cereales",4,606600.00,"2026-03-02 17:55:00"
"Leche Alqueria Entera 1L","Lacteos",10,606600.00,"2026-03-02 17:55:00"
"Leche Colanta Deslactosada 1L","Lacteos",13,606600.00,"2026-03-02 17:55:00"
"Yogurt Alpina 1L","Lacteos",14,256900.00,"2026-03-02 16:26:00"
"Mantequilla 250g","Lacteos",6,256900.00,"2026-03-02 16:26:00"
"Coca-Cola 350ml","Bebidas",14,256900.00,"2026-03-02 16:26:00"
"Gaseosa Postobon Manzana 350ml","Bebidas",4,256900.00,"2026-03-02 16:26:00"
"Jugo Hit Naranja 1L","Bebidas",7,256900.00,"2026-03-02 16:26:00"
"Agua Cristal 600ml","Bebidas",15,256900.00,"2026-03-02 16:26:00"
"Cerveza Poker 330ml","Bebidas",13,256900.00,"2026-03-02 16:26:00"
"Aguardiante Antioqueno 375ml","Bebidas",1,256900.00,"2026-03-02 16:26:00"
"Coca-Cola 350ml","Bebidas",5,354500.00,"2026-03-01 22:59:00"
"Gaseosa Postobon Manzana 350ml","Bebidas",13,354500.00,"2026-03-01 22:59:00"
"Jugo Hit Naranja 1L","Bebidas",9,354500.00,"2026-03-01 22:59:00"
"Agua Cristal 600ml","Bebidas",16,354500.00,"2026-03-01 22:59:00"
"Cerveza Poker 330ml","Bebidas",22,354500.00,"2026-03-01 22:59:00"
"Detergente Fab 1Kg","Aseo",4,354500.00,"2026-03-01 22:59:00"
"Papel Higienico Familia x4","Aseo",5,354500.00,"2026-03-01 22:59:00"
"Cepillo de Dientes Colgate","Aseo",4,354500.00,"2026-03-01 22:59:00"
"Atun Van Camps 160g","Enlatados",7,354500.00,"2026-03-01 22:59:00"
"Sardina Isabel 170g","Enlatados",7,354500.00,"2026-03-01 22:59:00"
"Frijoles enlatados Zenú 300g","Enlatados",2,354500.00,"2026-03-01 22:59:00"
"Salchicha Ranchera x5","Enlatados",4,354500.00,"2026-03-01 22:59:00"
"Arroz Diana 1Kg","Granos y cereales",18,792700.00,"2026-03-01 19:26:00"
"Arroz Roa 5Kg","Granos y cereales",13,792700.00,"2026-03-01 19:26:00"
"Lentejas 500g","Granos y cereales",16,792700.00,"2026-03-01 19:26:00"
"Frijol rojo 500g","Granos y cereales",22,792700.00,"2026-03-01 19:26:00"
"Avena Quaker 400g","Granos y cereales",4,792700.00,"2026-03-01 19:26:00"
"Pasta Doria Espagueti 250g","Granos y cereales",9,792700.00,"2026-03-01 19:26:00"
"Harina de Trigo 1Kg","Granos y cereales",2,792700.00,"2026-03-01 19:26:00"
"Leche Alqueria Entera 1L","Lacteos",7,792700.00,"2026-03-01 19:26:00"
"Leche Colanta Deslactosada 1L","Lacteos",20,792700.00,"2026-03-01 19:26:00"
"Yogurt Alpina 1L","Lacteos",18,792700.00,"2026-03-01 19:26:00"
"Queso Campesino 500g","Lacteos",2,792700.00,"2026-03-01 19:26:00"
"Mantequilla 250g","Lacteos",2,792700.00,"2026-03-01 19:26:00"
"Papas Margarita Natural 30g","Snacks",11,630400.00,"2026-03-01 12:17:00"
"Galletas Festival Chocolate","Snacks",7,630400.00,"2026-03-01 12:17:00"
"Chocolate Jet 50g","Snacks",9,630400.00,"2026-03-01 12:17:00"
"Chocoramo","Snacks",20,630400.00,"2026-03-01 12:17:00"
"Aceite Girasol 1L","Basicos hogar",5,630400.00,"2026-03-01 12:17:00"
"Azucar Manuelita 1Kg","Basicos hogar",11,630400.00,"2026-03-01 12:17:00"
"Sal Refisal 1Kg","Basicos hogar",4,630400.00,"2026-03-01 12:17:00"
"Cafe Sello Rojo 250g","Basicos hogar",13,630400.00,"2026-03-01 12:17:00"
"Panela redonda 500g","Basicos hogar",7,630400.00,"2026-03-01 12:17:00"
"Huevos x30 unidades","Basicos hogar",20,630400.00,"2026-03-01 12:17:00"
"Arroz Diana 1Kg","Granos y cereales",16,1145500.00,"2026-02-28 13:05:00"
"Arroz Roa 5Kg","Granos y cereales",7,1145500.00,"2026-02-28 13:05:00"
"Lentejas 500g","Granos y cereales",16,1145500.00,"2026-02-28 13:05:00"
"Frijol rojo 500g","Granos y cereales",14,1145500.00,"2026-02-28 13:05:00"
"Avena Quaker 400g","Granos y cereales",3,1145500.00,"2026-02-28 13:05:00"
"Pasta Doria Espagueti 250g","Granos y cereales",9,1145500.00,"2026-02-28 13:05:00"
"Harina de Trigo 1Kg","Granos y cereales",3,1145500.00,"2026-02-28 13:05:00"
"Leche Alqueria Entera 1L","Lacteos",8,1145500.00,"2026-02-28 13:05:00"
"Leche Colanta Deslactosada 1L","Lacteos",16,1145500.00,"2026-02-28 13:05:00"
"Yogurt Alpina 1L","Lacteos",10,1145500.00,"2026-02-28 13:05:00"
"Mantequilla 250g","Lacteos",1,1145500.00,"2026-02-28 13:05:00"
"Coca-Cola 350ml","Bebidas",4,1145500.00,"2026-02-28 13:05:00"
"Gaseosa Postobon Manzana 350ml","Bebidas",9,1145500.00,"2026-02-28 13:05:00"
"Agua Cristal 600ml","Bebidas",16,1145500.00,"2026-02-28 13:05:00"
"Cerveza Poker 330ml","Bebidas",5,1145500.00,"2026-02-28 13:05:00"
"Detergente Fab 1Kg","Aseo",3,1145500.00,"2026-02-28 13:05:00"
"Cloro Blancox 500ml","Aseo",3,1145500.00,"2026-02-28 13:05:00"
"Atun Van Camps 160g","Enlatados",5,1145500.00,"2026-02-28 13:05:00"
"Sardina Isabel 170g","Enlatados",5,1145500.00,"2026-02-28 13:05:00"
"Frijoles enlatados Zenú 300g","Enlatados",7,1145500.00,"2026-02-28 13:05:00"
"Papas Margarita Natural 30g","Snacks",5,1145500.00,"2026-02-28 13:05:00"
"Galletas Festival Chocolate","Snacks",13,1145500.00,"2026-02-28 13:05:00"
"Chocoramo","Snacks",16,1145500.00,"2026-02-28 13:05:00"
"Aceite Girasol 1L","Basicos hogar",10,1145500.00,"2026-02-28 13:05:00"
"Azucar Manuelita 1Kg","Basicos hogar",14,1145500.00,"2026-02-28 13:05:00"
"Cafe Sello Rojo 250g","Basicos hogar",7,1145500.00,"2026-02-28 13:05:00"
"Panela redonda 500g","Basicos hogar",7,1145500.00,"2026-02-28 13:05:00"
"Huevos x30 unidades","Basicos hogar",8,1145500.00,"2026-02-28 13:05:00"
"Leche Colanta Deslactosada 1L","Lacteos",12,152600.00,"2026-02-27 23:28:00"
"Yogurt Alpina 1L","Lacteos",3,152600.00,"2026-02-27 23:28:00"
"Queso Campesino 500g","Lacteos",4,152600.00,"2026-02-27 23:28:00"
"Coca-Cola 350ml","Bebidas",8,152600.00,"2026-02-27 23:28:00"
"Gaseosa Postobon Manzana 350ml","Bebidas",9,152600.00,"2026-02-27 23:28:00"
"Jugo Hit Naranja 1L","Bebidas",1,152600.00,"2026-02-27 23:28:00"
"Arroz Diana 1Kg","Granos y cereales",6,171400.00,"2026-02-27 19:21:00"
"Arroz Roa 5Kg","Granos y cereales",3,171400.00,"2026-02-27 19:21:00"
"Lentejas 500g","Granos y cereales",11,171400.00,"2026-02-27 19:21:00"
"Pasta Doria Espagueti 250g","Granos y cereales",3,171400.00,"2026-02-27 19:21:00"
"Harina de Trigo 1Kg","Granos y cereales",3,171400.00,"2026-02-27 19:21:00"
"Leche Alqueria Entera 1L","Lacteos",6,171400.00,"2026-02-27 19:21:00"
"Cerveza Poker 330ml","Bebidas",12,88200.00,"2026-02-27 17:18:00"
"Atun Van Camps 160g","Enlatados",2,88200.00,"2026-02-27 17:18:00"
"Sardina Isabel 170g","Enlatados",1,88200.00,"2026-02-27 17:18:00"
"Papas Margarita Natural 30g","Snacks",12,88200.00,"2026-02-27 17:18:00"
"Galletas Festival Chocolate","Snacks",7,88200.00,"2026-02-27 17:18:00"
"Chiclets Adams x3","Snacks",2,88200.00,"2026-02-27 17:18:00"
"Chocoramo","Snacks",9,357800.00,"2026-02-27 12:26:00"
"Aceite Girasol 1L","Basicos hogar",6,357800.00,"2026-02-27 12:26:00"
"Azucar Manuelita 1Kg","Basicos hogar",6,357800.00,"2026-02-27 12:26:00"
"Cafe Sello Rojo 250g","Basicos hogar",11,357800.00,"2026-02-27 12:26:00"
"Panela redonda 500g","Basicos hogar",4,357800.00,"2026-02-27 12:26:00"
"Huevos x30 unidades","Basicos hogar",10,357800.00,"2026-02-27 12:26:00"
"Arroz Diana 1Kg","Granos y cereales",7,319800.00,"2026-02-26 23:23:00"
"Arroz Roa 5Kg","Granos y cereales",9,319800.00,"2026-02-26 23:23:00"
"Lentejas 500g","Granos y cereales",5,319800.00,"2026-02-26 23:23:00"
"Frijol rojo 500g","Granos y cereales",6,319800.00,"2026-02-26 23:23:00"
"Avena Quaker 400g","Granos y cereales",5,319800.00,"2026-02-26 23:23:00"
"Pasta Doria Espagueti 250g","Granos y cereales",12,319800.00,"2026-02-26 23:23:00"
"Harina de Trigo 1Kg","Granos y cereales",2,319800.00,"2026-02-26 23:23:00"
"Papel Higienico Familia x4","Aseo",1,63200.00,"2026-02-26 21:31:00"
"Sardina Isabel 170g","Enlatados",5,63200.00,"2026-02-26 21:31:00"
"Frijoles enlatados Zenú 300g","Enlatados",1,63200.00,"2026-02-26 21:31:00"
"Papas Margarita Natural 30g","Snacks",5,63200.00,"2026-02-26 21:31:00"
"Galletas Festival Chocolate","Snacks",8,63200.00,"2026-02-26 21:31:00"
"Chiclets Adams x3","Snacks",2,63200.00,"2026-02-26 21:31:00"
"Chocoramo","Snacks",5,63200.00,"2026-02-26 21:31:00"
"Aceite Girasol 1L","Basicos hogar",8,339800.00,"2026-02-26 15:01:00"
"Azucar Manuelita 1Kg","Basicos hogar",3,339800.00,"2026-02-26 15:01:00"
"Cafe Sello Rojo 250g","Basicos hogar",9,339800.00,"2026-02-26 15:01:00"
"Panela redonda 500g","Basicos hogar",2,339800.00,"2026-02-26 15:01:00"
"Huevos x30 unidades","Basicos hogar",11,339800.00,"2026-02-26 15:01:00"
"Leche Alqueria Entera 1L","Lacteos",7,163400.00,"2026-02-26 14:58:00"
"Leche Colanta Deslactosada 1L","Lacteos",4,163400.00,"2026-02-26 14:58:00"
"Yogurt Alpina 1L","Lacteos",9,163400.00,"2026-02-26 14:58:00"
"Queso Campesino 500g","Lacteos",3,163400.00,"2026-02-26 14:58:00"
"Gaseosa Postobon Manzana 350ml","Bebidas",3,163400.00,"2026-02-26 14:58:00"
"Agua Cristal 600ml","Bebidas",7,163400.00,"2026-02-26 14:58:00"
"Cerveza Poker 330ml","Bebidas",7,163400.00,"2026-02-26 14:58:00"
"Arroz Diana 1Kg","Granos y cereales",4,703400.00,"2026-02-25 20:41:00"
"Lentejas 500g","Granos y cereales",7,703400.00,"2026-02-25 20:41:00"
"Frijol rojo 500g","Granos y cereales",8,703400.00,"2026-02-25 20:41:00"
"Pasta Doria Espagueti 250g","Granos y cereales",5,703400.00,"2026-02-25 20:41:00"
"Harina de Trigo 1Kg","Granos y cereales",1,703400.00,"2026-02-25 20:41:00"
"Leche Alqueria Entera 1L","Lacteos",9,703400.00,"2026-02-25 20:41:00"
"Leche Colanta Deslactosada 1L","Lacteos",4,703400.00,"2026-02-25 20:41:00"
"Yogurt Alpina 1L","Lacteos",11,703400.00,"2026-02-25 20:41:00"
"Queso Campesino 500g","Lacteos",2,703400.00,"2026-02-25 20:41:00"
"Mantequilla 250g","Lacteos",5,703400.00,"2026-02-25 20:41:00"
"Gaseosa Postobon Manzana 350ml","Bebidas",11,703400.00,"2026-02-25 20:41:00"
"Cerveza Poker 330ml","Bebidas",10,703400.00,"2026-02-25 20:41:00"
"Detergente Fab 1Kg","Aseo",1,703400.00,"2026-02-25 20:41:00"
"Sardina Isabel 170g","Enlatados",4,703400.00,"2026-02-25 20:41:00"
"Frijoles enlatados Zenú 300g","Enlatados",4,703400.00,"2026-02-25 20:41:00"
"Salchicha Ranchera x5","Enlatados",1,703400.00,"2026-02-25 20:41:00"
"Papas Margarita Natural 30g","Snacks",6,703400.00,"2026-02-25 20:41:00"
"Galletas Festival Chocolate","Snacks",11,703400.00,"2026-02-25 20:41:00"
"Chocolate Jet 50g","Snacks",3,703400.00,"2026-02-25 20:41:00"
"Chocoramo","Snacks",4,703400.00,"2026-02-25 20:41:00"
"Aceite Girasol 1L","Basicos hogar",8,703400.00,"2026-02-25 20:41:00"
"Azucar Manuelita 1Kg","Basicos hogar",5,703400.00,"2026-02-25 20:41:00"
"Cafe Sello Rojo 250g","Basicos hogar",4,703400.00,"2026-02-25 20:41:00"
"Panela redonda 500g","Basicos hogar",2,703400.00,"2026-02-25 20:41:00"
"Huevos x30 unidades","Basicos hogar",11,703400.00,"2026-02-25 20:41:00"
"Cerveza Poker 330ml","Bebidas",4,388800.00,"2026-02-24 14:40:00"
"Cepillo de Dientes Colgate","Aseo",1,388800.00,"2026-02-24 14:40:00"
"Atun Van Camps 160g","Enlatados",4,388800.00,"2026-02-24 14:40:00"
"Sardina Isabel 170g","Enlatados",5,388800.00,"2026-02-24 14:40:00"
"Papas Margarita Natural 30g","Snacks",12,388800.00,"2026-02-24 14:40:00"
"Galletas Festival Chocolate","Snacks",3,388800.00,"2026-02-24 14:40:00"
"Chocolate Jet 50g","Snacks",1,388800.00,"2026-02-24 14:40:00"
"Chocoramo","Snacks",7,388800.00,"2026-02-24 14:40:00"
"Aceite Girasol 1L","Basicos hogar",7,388800.00,"2026-02-24 14:40:00"
"Azucar Manuelita 1Kg","Basicos hogar",7,388800.00,"2026-02-24 14:40:00"
"Sal Refisal 1Kg","Basicos hogar",2,388800.00,"2026-02-24 14:40:00"
"Cafe Sello Rojo 250g","Basicos hogar",5,388800.00,"2026-02-24 14:40:00"
"Huevos x30 unidades","Basicos hogar",9,388800.00,"2026-02-24 14:40:00"
"Arroz Diana 1Kg","Granos y cereales",9,347400.00,"2026-02-24 13:09:00"
"Arroz Roa 5Kg","Granos y cereales",3,347400.00,"2026-02-24 13:09:00"
"Lentejas 500g","Granos y cereales",5,347400.00,"2026-02-24 13:09:00"
"Frijol rojo 500g","Granos y cereales",5,347400.00,"2026-02-24 13:09:00"
"Avena Quaker 400g","Granos y cereales",1,347400.00,"2026-02-24 13:09:00"
"Pasta Doria Espagueti 250g","Granos y cereales",12,347400.00,"2026-02-24 13:09:00"
"Leche Alqueria Entera 1L","Lacteos",7,347400.00,"2026-02-24 13:09:00"
"Leche Colanta Deslactosada 1L","Lacteos",12,347400.00,"2026-02-24 13:09:00"
"Yogurt Alpina 1L","Lacteos",4,347400.00,"2026-02-24 13:09:00"
"Coca-Cola 350ml","Bebidas",11,347400.00,"2026-02-24 13:09:00"
"Gaseosa Postobon Manzana 350ml","Bebidas",5,347400.00,"2026-02-24 13:09:00"
"Jugo Hit Naranja 1L","Bebidas",4,347400.00,"2026-02-24 13:09:00"
"Agua Cristal 600ml","Bebidas",4,347400.00,"2026-02-24 13:09:00"
"Frijol rojo 500g","Granos y cereales",7,557200.00,"2026-02-23 20:34:00"
"Pasta Doria Espagueti 250g","Granos y cereales",10,557200.00,"2026-02-23 20:34:00"
"Leche Alqueria Entera 1L","Lacteos",3,557200.00,"2026-02-23 20:34:00"
"Leche Colanta Deslactosada 1L","Lacteos",10,557200.00,"2026-02-23 20:34:00"
"Yogurt Alpina 1L","Lacteos",6,557200.00,"2026-02-23 20:34:00"
"Queso Campesino 500g","Lacteos",3,557200.00,"2026-02-23 20:34:00"
"Coca-Cola 350ml","Bebidas",5,557200.00,"2026-02-23 20:34:00"
"Gaseosa Postobon Manzana 350ml","Bebidas",12,557200.00,"2026-02-23 20:34:00"
"Jugo Hit Naranja 1L","Bebidas",4,557200.00,"2026-02-23 20:34:00"
"Agua Cristal 600ml","Bebidas",9,557200.00,"2026-02-23 20:34:00"
"Cerveza Poker 330ml","Bebidas",3,557200.00,"2026-02-23 20:34:00"
"Aguardiante Antioqueno 375ml","Bebidas",2,557200.00,"2026-02-23 20:34:00"
"Papel Higienico Familia x4","Aseo",4,557200.00,"2026-02-23 20:34:00"
"Cepillo de Dientes Colgate","Aseo",2,557200.00,"2026-02-23 20:34:00"
"Frijoles enlatados Zenú 300g","Enlatados",1,557200.00,"2026-02-23 20:34:00"
"Salchicha Ranchera x5","Enlatados",1,557200.00,"2026-02-23 20:34:00"
"Papas Margarita Natural 30g","Snacks",6,557200.00,"2026-02-23 20:34:00"
"Galletas Festival Chocolate","Snacks",10,557200.00,"2026-02-23 20:34:00"
"Chiclets Adams x3","Snacks",2,557200.00,"2026-02-23 20:34:00"
"Chocoramo","Snacks",4,557200.00,"2026-02-23 20:34:00"
"Aceite Girasol 1L","Basicos hogar",4,557200.00,"2026-02-23 20:34:00"
"Cafe Sello Rojo 250g","Basicos hogar",8,557200.00,"2026-02-23 20:34:00"
"Panela redonda 500g","Basicos hogar",3,557200.00,"2026-02-23 20:34:00"
"Huevos x30 unidades","Basicos hogar",5,557200.00,"2026-02-23 20:34:00"
"Cloro Blancox 500ml","Aseo",3,106800.00,"2026-02-23 00:34:00"
"Atun Van Camps 160g","Enlatados",5,106800.00,"2026-02-23 00:34:00"
"Sardina Isabel 170g","Enlatados",3,106800.00,"2026-02-23 00:34:00"
"Salchicha Ranchera x5","Enlatados",4,106800.00,"2026-02-23 00:34:00"
"Papas Margarita Natural 30g","Snacks",9,106800.00,"2026-02-23 00:34:00"
"Galletas Festival Chocolate","Snacks",7,106800.00,"2026-02-23 00:34:00"
"Chocolate Jet 50g","Snacks",4,106800.00,"2026-02-23 00:34:00"
"Yogurt Alpina 1L","Lacteos",16,253500.00,"2026-02-22 16:48:00"
"Queso Campesino 500g","Lacteos",5,253500.00,"2026-02-22 16:48:00"
"Coca-Cola 350ml","Bebidas",10,253500.00,"2026-02-22 16:48:00"
"Gaseosa Postobon Manzana 350ml","Bebidas",13,253500.00,"2026-02-22 16:48:00"
"Jugo Hit Naranja 1L","Bebidas",5,253500.00,"2026-02-22 16:48:00"
"Agua Cristal 600ml","Bebidas",5,253500.00,"2026-02-22 16:48:00"
"Cerveza Poker 330ml","Bebidas",13,253500.00,"2026-02-22 16:48:00"
"Arroz Diana 1Kg","Granos y cereales",16,422000.00,"2026-02-22 16:30:00"
"Arroz Roa 5Kg","Granos y cereales",10,422000.00,"2026-02-22 16:30:00"
"Lentejas 500g","Granos y cereales",8,422000.00,"2026-02-22 16:30:00"
"Frijol rojo 500g","Granos y cereales",7,422000.00,"2026-02-22 16:30:00"
"Pasta Doria Espagueti 250g","Granos y cereales",7,422000.00,"2026-02-22 16:30:00"
"Leche Alqueria Entera 1L","Lacteos",10,422000.00,"2026-02-22 16:30:00"
"Leche Colanta Deslactosada 1L","Lacteos",7,422000.00,"2026-02-22 16:30:00"
"Chocoramo","Snacks",13,331700.00,"2026-02-22 16:03:00"
"Aceite Girasol 1L","Basicos hogar",10,331700.00,"2026-02-22 16:03:00"
"Azucar Manuelita 1Kg","Basicos hogar",8,331700.00,"2026-02-22 16:03:00"
"Cafe Sello Rojo 250g","Basicos hogar",5,331700.00,"2026-02-22 16:03:00"
"Panela redonda 500g","Basicos hogar",3,331700.00,"2026-02-22 16:03:00"
"Huevos x30 unidades","Basicos hogar",8,331700.00,"2026-02-22 16:03:00"
"Arroz Diana 1Kg","Granos y cereales",12,632300.00,"2026-02-21 17:52:00"
"Arroz Roa 5Kg","Granos y cereales",8,632300.00,"2026-02-21 17:52:00"
"Lentejas 500g","Granos y cereales",14,632300.00,"2026-02-21 17:52:00"
"Frijol rojo 500g","Granos y cereales",12,632300.00,"2026-02-21 17:52:00"
"Avena Quaker 400g","Granos y cereales",3,632300.00,"2026-02-21 17:52:00"
"Pasta Doria Espagueti 250g","Granos y cereales",12,632300.00,"2026-02-21 17:52:00"
"Leche Alqueria Entera 1L","Lacteos",13,632300.00,"2026-02-21 17:52:00"
"Leche Colanta Deslactosada 1L","Lacteos",13,632300.00,"2026-02-21 17:52:00"
"Yogurt Alpina 1L","Lacteos",12,632300.00,"2026-02-21 17:52:00"
"Coca-Cola 350ml","Bebidas",12,632300.00,"2026-02-21 17:52:00"
"Gaseosa Postobon Manzana 350ml","Bebidas",9,632300.00,"2026-02-21 17:52:00"
"Jugo Hit Naranja 1L","Bebidas",1,632300.00,"2026-02-21 17:52:00"
"Agua Cristal 600ml","Bebidas",12,632300.00,"2026-02-21 17:52:00"
"Cerveza Poker 330ml","Bebidas",4,632300.00,"2026-02-21 17:52:00"
"Atun Van Camps 160g","Enlatados",4,393000.00,"2026-02-21 16:36:00"
"Sardina Isabel 170g","Enlatados",4,393000.00,"2026-02-21 16:36:00"
"Frijoles enlatados Zenú 300g","Enlatados",4,393000.00,"2026-02-21 16:36:00"
"Papas Margarita Natural 30g","Snacks",10,393000.00,"2026-02-21 16:36:00"
"Galletas Festival Chocolate","Snacks",16,393000.00,"2026-02-21 16:36:00"
"Chocolate Jet 50g","Snacks",3,393000.00,"2026-02-21 16:36:00"
"Chocoramo","Snacks",14,393000.00,"2026-02-21 16:36:00"
"Aceite Girasol 1L","Basicos hogar",9,393000.00,"2026-02-21 16:36:00"
"Azucar Manuelita 1Kg","Basicos hogar",16,393000.00,"2026-02-21 16:36:00"
"Sal Refisal 1Kg","Basicos hogar",3,393000.00,"2026-02-21 16:36:00"
"Cafe Sello Rojo 250g","Basicos hogar",5,393000.00,"2026-02-21 16:36:00"
"Panela redonda 500g","Basicos hogar",1,393000.00,"2026-02-21 16:36:00"
"Huevos x30 unidades","Basicos hogar",4,393000.00,"2026-02-21 16:36:00"
"Jugo Hit Naranja 1L","Bebidas",4,349900.00,"2026-02-20 16:19:00"
"Agua Cristal 600ml","Bebidas",8,349900.00,"2026-02-20 16:19:00"
"Cerveza Poker 330ml","Bebidas",7,349900.00,"2026-02-20 16:19:00"
"Detergente Fab 1Kg","Aseo",1,349900.00,"2026-02-20 16:19:00"
"Papas Margarita Natural 30g","Snacks",7,349900.00,"2026-02-20 16:19:00"
"Galletas Festival Chocolate","Snacks",7,349900.00,"2026-02-20 16:19:00"
"Chocoramo","Snacks",8,349900.00,"2026-02-20 16:19:00"
"Aceite Girasol 1L","Basicos hogar",11,349900.00,"2026-02-20 16:19:00"
"Azucar Manuelita 1Kg","Basicos hogar",4,349900.00,"2026-02-20 16:19:00"
"Panela redonda 500g","Basicos hogar",1,349900.00,"2026-02-20 16:19:00"
"Huevos x30 unidades","Basicos hogar",8,349900.00,"2026-02-20 16:19:00"
"Arroz Diana 1Kg","Granos y cereales",8,527900.00,"2026-02-20 15:26:00"
"Arroz Roa 5Kg","Granos y cereales",12,527900.00,"2026-02-20 15:26:00"
"Frijol rojo 500g","Granos y cereales",9,527900.00,"2026-02-20 15:26:00"
"Avena Quaker 400g","Granos y cereales",1,527900.00,"2026-02-20 15:26:00"
"Pasta Doria Espagueti 250g","Granos y cereales",10,527900.00,"2026-02-20 15:26:00"
"Harina de Trigo 1Kg","Granos y cereales",1,527900.00,"2026-02-20 15:26:00"
"Leche Alqueria Entera 1L","Lacteos",10,527900.00,"2026-02-20 15:26:00"
"Leche Colanta Deslactosada 1L","Lacteos",4,527900.00,"2026-02-20 15:26:00"
"Yogurt Alpina 1L","Lacteos",8,527900.00,"2026-02-20 15:26:00"
"Queso Campesino 500g","Lacteos",5,527900.00,"2026-02-20 15:26:00"
"Coca-Cola 350ml","Bebidas",4,527900.00,"2026-02-20 15:26:00"
"Gaseosa Postobon Manzana 350ml","Bebidas",11,527900.00,"2026-02-20 15:26:00"
"Arroz Diana 1Kg","Granos y cereales",9,687400.00,"2026-02-19 18:16:00"
"Arroz Roa 5Kg","Granos y cereales",7,687400.00,"2026-02-19 18:16:00"
"Lentejas 500g","Granos y cereales",3,687400.00,"2026-02-19 18:16:00"
"Frijol rojo 500g","Granos y cereales",6,687400.00,"2026-02-19 18:16:00"
"Pasta Doria Espagueti 250g","Granos y cereales",11,687400.00,"2026-02-19 18:16:00"
"Leche Alqueria Entera 1L","Lacteos",8,687400.00,"2026-02-19 18:16:00"
"Leche Colanta Deslactosada 1L","Lacteos",5,687400.00,"2026-02-19 18:16:00"
"Yogurt Alpina 1L","Lacteos",8,687400.00,"2026-02-19 18:16:00"
"Queso Campesino 500g","Lacteos",5,687400.00,"2026-02-19 18:16:00"
"Mantequilla 250g","Lacteos",3,687400.00,"2026-02-19 18:16:00"
"Coca-Cola 350ml","Bebidas",6,687400.00,"2026-02-19 18:16:00"
"Gaseosa Postobon Manzana 350ml","Bebidas",5,687400.00,"2026-02-19 18:16:00"
"Agua Cristal 600ml","Bebidas",8,687400.00,"2026-02-19 18:16:00"
"Cerveza Poker 330ml","Bebidas",5,687400.00,"2026-02-19 18:16:00"
"Aguardiante Antioqueno 375ml","Bebidas",1,687400.00,"2026-02-19 18:16:00"
"Sardina Isabel 170g","Enlatados",1,687400.00,"2026-02-19 18:16:00"
"Papas Margarita Natural 30g","Snacks",11,687400.00,"2026-02-19 18:16:00"
"Galletas Festival Chocolate","Snacks",5,687400.00,"2026-02-19 18:16:00"
"Chocolate Jet 50g","Snacks",1,687400.00,"2026-02-19 18:16:00"
"Chocoramo","Snacks",12,687400.00,"2026-02-19 18:16:00"
"Aceite Girasol 1L","Basicos hogar",11,687400.00,"2026-02-19 18:16:00"
"Huevos x30 unidades","Basicos hogar",3,687400.00,"2026-02-19 18:16:00"
"Arroz Diana 1Kg","Granos y cereales",6,939900.00,"2026-02-18 23:38:00"
"Arroz Roa 5Kg","Granos y cereales",11,939900.00,"2026-02-18 23:38:00"
"Lentejas 500g","Granos y cereales",9,939900.00,"2026-02-18 23:38:00"
"Frijol rojo 500g","Granos y cereales",12,939900.00,"2026-02-18 23:38:00"
"Pasta Doria Espagueti 250g","Granos y cereales",5,939900.00,"2026-02-18 23:38:00"
"Leche Alqueria Entera 1L","Lacteos",6,939900.00,"2026-02-18 23:38:00"
"Leche Colanta Deslactosada 1L","Lacteos",6,939900.00,"2026-02-18 23:38:00"
"Yogurt Alpina 1L","Lacteos",5,939900.00,"2026-02-18 23:38:00"
"Queso Campesino 500g","Lacteos",2,939900.00,"2026-02-18 23:38:00"
"Coca-Cola 350ml","Bebidas",4,939900.00,"2026-02-18 23:38:00"
"Gaseosa Postobon Manzana 350ml","Bebidas",8,939900.00,"2026-02-18 23:38:00"
"Jugo Hit Naranja 1L","Bebidas",3,939900.00,"2026-02-18 23:38:00"
"Agua Cristal 600ml","Bebidas",4,939900.00,"2026-02-18 23:38:00"
"Cerveza Poker 330ml","Bebidas",5,939900.00,"2026-02-18 23:38:00"
"Papel Higienico Familia x4","Aseo",3,939900.00,"2026-02-18 23:38:00"
"Cloro Blancox 500ml","Aseo",1,939900.00,"2026-02-18 23:38:00"
"Frijoles enlatados Zenú 300g","Enlatados",1,939900.00,"2026-02-18 23:38:00"
"Salchicha Ranchera x5","Enlatados",5,939900.00,"2026-02-18 23:38:00"
"Papas Margarita Natural 30g","Snacks",9,939900.00,"2026-02-18 23:38:00"
"Galletas Festival Chocolate","Snacks",7,939900.00,"2026-02-18 23:38:00"
"Chocoramo","Snacks",5,939900.00,"2026-02-18 23:38:00"
"Aceite Girasol 1L","Basicos hogar",12,939900.00,"2026-02-18 23:38:00"
"Azucar Manuelita 1Kg","Basicos hogar",12,939900.00,"2026-02-18 23:38:00"
"Sal Refisal 1Kg","Basicos hogar",1,939900.00,"2026-02-18 23:38:00"
"Cafe Sello Rojo 250g","Basicos hogar",9,939900.00,"2026-02-18 23:38:00"
"Huevos x30 unidades","Basicos hogar",7,939900.00,"2026-02-18 23:38:00"
"Gaseosa Postobon Manzana 350ml","Bebidas",11,141600.00,"2026-02-17 23:25:00"
"Jugo Hit Naranja 1L","Bebidas",3,141600.00,"2026-02-17 23:25:00"
"Agua Cristal 600ml","Bebidas",5,141600.00,"2026-02-17 23:25:00"
"Cerveza Poker 330ml","Bebidas",12,141600.00,"2026-02-17 23:25:00"
"Papel Higienico Familia x4","Aseo",2,141600.00,"2026-02-17 23:25:00"
"Sardina Isabel 170g","Enlatados",2,141600.00,"2026-02-17 23:25:00"
"Salchicha Ranchera x5","Enlatados",4,141600.00,"2026-02-17 23:25:00"
"Papas Margarita Natural 30g","Snacks",6,141600.00,"2026-02-17 23:25:00"
"Galletas Festival Chocolate","Snacks",3,141600.00,"2026-02-17 23:25:00"
"Arroz Roa 5Kg","Granos y cereales",3,256100.00,"2026-02-17 16:26:00"
"Lentejas 500g","Granos y cereales",9,256100.00,"2026-02-17 16:26:00"
"Frijol rojo 500g","Granos y cereales",7,256100.00,"2026-02-17 16:26:00"
"Pasta Doria Espagueti 250g","Granos y cereales",7,256100.00,"2026-02-17 16:26:00"
"Harina de Trigo 1Kg","Granos y cereales",3,256100.00,"2026-02-17 16:26:00"
"Leche Alqueria Entera 1L","Lacteos",5,256100.00,"2026-02-17 16:26:00"
"Leche Colanta Deslactosada 1L","Lacteos",8,256100.00,"2026-02-17 16:26:00"
"Yogurt Alpina 1L","Lacteos",4,256100.00,"2026-02-17 16:26:00"
"Coca-Cola 350ml","Bebidas",9,256100.00,"2026-02-17 16:26:00"
"Chiclets Adams x3","Snacks",2,159200.00,"2026-02-17 14:02:00"
"Chocoramo","Snacks",11,159200.00,"2026-02-17 14:02:00"
"Aceite Girasol 1L","Basicos hogar",5,159200.00,"2026-02-17 14:02:00"
"Azucar Manuelita 1Kg","Basicos hogar",8,159200.00,"2026-02-17 14:02:00"
"Sal Refisal 1Kg","Basicos hogar",1,159200.00,"2026-02-17 14:02:00"
"Panela redonda 500g","Basicos hogar",1,159200.00,"2026-02-17 14:02:00"
"Huevos x30 unidades","Basicos hogar",3,159200.00,"2026-02-17 14:02:00"
"Arroz Diana 1Kg","Granos y cereales",17,1145000.00,"2026-02-16 22:38:00"
"Arroz Roa 5Kg","Granos y cereales",8,1145000.00,"2026-02-16 22:38:00"
"Lentejas 500g","Granos y cereales",15,1145000.00,"2026-02-16 22:38:00"
"Frijol rojo 500g","Granos y cereales",7,1145000.00,"2026-02-16 22:38:00"
"Avena Quaker 400g","Granos y cereales",4,1145000.00,"2026-02-16 22:38:00"
"Pasta Doria Espagueti 250g","Granos y cereales",14,1145000.00,"2026-02-16 22:38:00"
"Harina de Trigo 1Kg","Granos y cereales",4,1145000.00,"2026-02-16 22:38:00"
"Leche Alqueria Entera 1L","Lacteos",4,1145000.00,"2026-02-16 22:38:00"
"Leche Colanta Deslactosada 1L","Lacteos",11,1145000.00,"2026-02-16 22:38:00"
"Yogurt Alpina 1L","Lacteos",10,1145000.00,"2026-02-16 22:38:00"
"Mantequilla 250g","Lacteos",4,1145000.00,"2026-02-16 22:38:00"
"Coca-Cola 350ml","Bebidas",6,1145000.00,"2026-02-16 22:38:00"
"Gaseosa Postobon Manzana 350ml","Bebidas",8,1145000.00,"2026-02-16 22:38:00"
"Jugo Hit Naranja 1L","Bebidas",4,1145000.00,"2026-02-16 22:38:00"
"Agua Cristal 600ml","Bebidas",14,1145000.00,"2026-02-16 22:38:00"
"Cerveza Poker 330ml","Bebidas",11,1145000.00,"2026-02-16 22:38:00"
"Aguardiante Antioqueno 375ml","Bebidas",1,1145000.00,"2026-02-16 22:38:00"
"Papel Higienico Familia x4","Aseo",3,1145000.00,"2026-02-16 22:38:00"
"Cepillo de Dientes Colgate","Aseo",1,1145000.00,"2026-02-16 22:38:00"
"Atun Van Camps 160g","Enlatados",3,1145000.00,"2026-02-16 22:38:00"
"Sardina Isabel 170g","Enlatados",1,1145000.00,"2026-02-16 22:38:00"
"Frijoles enlatados Zenú 300g","Enlatados",6,1145000.00,"2026-02-16 22:38:00"
"Maiz tierno Zenú 300g","Enlatados",1,1145000.00,"2026-02-16 22:38:00"
"Salchicha Ranchera x5","Enlatados",7,1145000.00,"2026-02-16 22:38:00"
"Papas Margarita Natural 30g","Snacks",7,1145000.00,"2026-02-16 22:38:00"
"Galletas Festival Chocolate","Snacks",11,1145000.00,"2026-02-16 22:38:00"
"Chocolate Jet 50g","Snacks",3,1145000.00,"2026-02-16 22:38:00"
"Chocoramo","Snacks",7,1145000.00,"2026-02-16 22:38:00"
"Aceite Girasol 1L","Basicos hogar",4,1145000.00,"2026-02-16 22:38:00"
"Azucar Manuelita 1Kg","Basicos hogar",7,1145000.00,"2026-02-16 22:38:00"
"Sal Refisal 1Kg","Basicos hogar",1,1145000.00,"2026-02-16 22:38:00"
"Cafe Sello Rojo 250g","Basicos hogar",17,1145000.00,"2026-02-16 22:38:00"
"Panela redonda 500g","Basicos hogar",6,1145000.00,"2026-02-16 22:38:00"
"Huevos x30 unidades","Basicos hogar",7,1145000.00,"2026-02-16 22:38:00"
"Arroz Diana 1Kg","Granos y cereales",11,642600.00,"2026-02-16 00:56:00"
"Arroz Roa 5Kg","Granos y cereales",18,642600.00,"2026-02-16 00:56:00"
"Lentejas 500g","Granos y cereales",9,642600.00,"2026-02-16 00:56:00"
"Frijol rojo 500g","Granos y cereales",13,642600.00,"2026-02-16 00:56:00"
"Avena Quaker 400g","Granos y cereales",9,642600.00,"2026-02-16 00:56:00"
"Pasta Doria Espagueti 250g","Granos y cereales",11,642600.00,"2026-02-16 00:56:00"
"Harina de Trigo 1Kg","Granos y cereales",5,642600.00,"2026-02-16 00:56:00"
"Leche Alqueria Entera 1L","Lacteos",5,642600.00,"2026-02-16 00:56:00"
"Leche Colanta Deslactosada 1L","Lacteos",7,642600.00,"2026-02-16 00:56:00"
"Chiclets Adams x3","Snacks",2,534100.00,"2026-02-15 23:50:00"
"Chocoramo","Snacks",9,534100.00,"2026-02-15 23:50:00"
"Aceite Girasol 1L","Basicos hogar",16,534100.00,"2026-02-15 23:50:00"
"Azucar Manuelita 1Kg","Basicos hogar",18,534100.00,"2026-02-15 23:50:00"
"Cafe Sello Rojo 250g","Basicos hogar",7,534100.00,"2026-02-15 23:50:00"
"Panela redonda 500g","Basicos hogar",9,534100.00,"2026-02-15 23:50:00"
"Huevos x30 unidades","Basicos hogar",13,534100.00,"2026-02-15 23:50:00"
"Papel Higienico Familia x4","Aseo",2,202900.00,"2026-02-15 17:05:00"
"Cepillo de Dientes Colgate","Aseo",4,202900.00,"2026-02-15 17:05:00"
"Atun Van Camps 160g","Enlatados",9,202900.00,"2026-02-15 17:05:00"
"Sardina Isabel 170g","Enlatados",2,202900.00,"2026-02-15 17:05:00"
"Frijoles enlatados Zenú 300g","Enlatados",7,202900.00,"2026-02-15 17:05:00"
"Salchicha Ranchera x5","Enlatados",4,202900.00,"2026-02-15 17:05:00"
"Papas Margarita Natural 30g","Snacks",18,202900.00,"2026-02-15 17:05:00"
"Galletas Festival Chocolate","Snacks",18,202900.00,"2026-02-15 17:05:00"
"Chocolate Jet 50g","Snacks",4,202900.00,"2026-02-15 17:05:00"
"Yogurt Alpina 1L","Lacteos",11,319200.00,"2026-02-15 16:07:00"
"Queso Campesino 500g","Lacteos",7,319200.00,"2026-02-15 16:07:00"
"Mantequilla 250g","Lacteos",2,319200.00,"2026-02-15 16:07:00"
"Coca-Cola 350ml","Bebidas",5,319200.00,"2026-02-15 16:07:00"
"Gaseosa Postobon Manzana 350ml","Bebidas",22,319200.00,"2026-02-15 16:07:00"
"Jugo Hit Naranja 1L","Bebidas",4,319200.00,"2026-02-15 16:07:00"
"Agua Cristal 600ml","Bebidas",5,319200.00,"2026-02-15 16:07:00"
"Cerveza Poker 330ml","Bebidas",22,319200.00,"2026-02-15 16:07:00"
"Detergente Fab 1Kg","Aseo",4,319200.00,"2026-02-15 16:07:00"
"Arroz Diana 1Kg","Granos y cereales",4,431500.00,"2026-02-14 20:45:00"
"Arroz Roa 5Kg","Granos y cereales",5,431500.00,"2026-02-14 20:45:00"
"Lentejas 500g","Granos y cereales",4,431500.00,"2026-02-14 20:45:00"
"Frijol rojo 500g","Granos y cereales",10,431500.00,"2026-02-14 20:45:00"
"Avena Quaker 400g","Granos y cereales",1,431500.00,"2026-02-14 20:45:00"
"Pasta Doria Espagueti 250g","Granos y cereales",9,431500.00,"2026-02-14 20:45:00"
"Harina de Trigo 1Kg","Granos y cereales",3,431500.00,"2026-02-14 20:45:00"
"Leche Alqueria Entera 1L","Lacteos",10,431500.00,"2026-02-14 20:45:00"
"Leche Colanta Deslactosada 1L","Lacteos",4,431500.00,"2026-02-14 20:45:00"
"Yogurt Alpina 1L","Lacteos",13,431500.00,"2026-02-14 20:45:00"
"Queso Campesino 500g","Lacteos",1,431500.00,"2026-02-14 20:45:00"
"Coca-Cola 350ml","Bebidas",8,431500.00,"2026-02-14 20:45:00"
"Gaseosa Postobon Manzana 350ml","Bebidas",16,431500.00,"2026-02-14 20:45:00"
"Agua Cristal 600ml","Bebidas",13,431500.00,"2026-02-14 20:45:00"
"Cerveza Poker 330ml","Bebidas",7,559600.00,"2026-02-14 12:54:00"
"Papel Higienico Familia x4","Aseo",5,559600.00,"2026-02-14 12:54:00"
"Atun Van Camps 160g","Enlatados",7,559600.00,"2026-02-14 12:54:00"
"Salchicha Ranchera x5","Enlatados",3,559600.00,"2026-02-14 12:54:00"
"Papas Margarita Natural 30g","Snacks",8,559600.00,"2026-02-14 12:54:00"
"Galletas Festival Chocolate","Snacks",13,559600.00,"2026-02-14 12:54:00"
"Chocolate Jet 50g","Snacks",4,559600.00,"2026-02-14 12:54:00"
"Chiclets Adams x3","Snacks",3,559600.00,"2026-02-14 12:54:00"
"Chocoramo","Snacks",12,559600.00,"2026-02-14 12:54:00"
"Aceite Girasol 1L","Basicos hogar",13,559600.00,"2026-02-14 12:54:00"
"Azucar Manuelita 1Kg","Basicos hogar",4,559600.00,"2026-02-14 12:54:00"
"Cafe Sello Rojo 250g","Basicos hogar",14,559600.00,"2026-02-14 12:54:00"
"Panela redonda 500g","Basicos hogar",1,559600.00,"2026-02-14 12:54:00"
"Huevos x30 unidades","Basicos hogar",8,559600.00,"2026-02-14 12:54:00"
"Mantequilla 250g","Lacteos",5,147900.00,"2026-02-13 17:00:00"
"Coca-Cola 350ml","Bebidas",7,147900.00,"2026-02-13 17:00:00"
"Gaseosa Postobon Manzana 350ml","Bebidas",8,147900.00,"2026-02-13 17:00:00"
"Jugo Hit Naranja 1L","Bebidas",3,147900.00,"2026-02-13 17:00:00"
"Agua Cristal 600ml","Bebidas",11,147900.00,"2026-02-13 17:00:00"
"Cerveza Poker 330ml","Bebidas",11,147900.00,"2026-02-13 17:00:00"
"Cloro Blancox 500ml","Aseo",1,147900.00,"2026-02-13 17:00:00"
"Atun Van Camps 160g","Enlatados",4,147900.00,"2026-02-13 17:00:00"
"Salchicha Ranchera x5","Enlatados",2,272800.00,"2026-02-13 16:31:00"
"Papas Margarita Natural 30g","Snacks",6,272800.00,"2026-02-13 16:31:00"
"Galletas Festival Chocolate","Snacks",6,272800.00,"2026-02-13 16:31:00"
"Chocoramo","Snacks",9,272800.00,"2026-02-13 16:31:00"
"Azucar Manuelita 1Kg","Basicos hogar",4,272800.00,"2026-02-13 16:31:00"
"Cafe Sello Rojo 250g","Basicos hogar",10,272800.00,"2026-02-13 16:31:00"
"Huevos x30 unidades","Basicos hogar",8,272800.00,"2026-02-13 16:31:00"
"Arroz Diana 1Kg","Granos y cereales",8,268800.00,"2026-02-13 14:48:00"
"Arroz Roa 5Kg","Granos y cereales",3,268800.00,"2026-02-13 14:48:00"
"Lentejas 500g","Granos y cereales",6,268800.00,"2026-02-13 14:48:00"
"Frijol rojo 500g","Granos y cereales",5,268800.00,"2026-02-13 14:48:00"
"Pasta Doria Espagueti 250g","Granos y cereales",8,268800.00,"2026-02-13 14:48:00"
"Leche Alqueria Entera 1L","Lacteos",4,268800.00,"2026-02-13 14:48:00"
"Leche Colanta Deslactosada 1L","Lacteos",11,268800.00,"2026-02-13 14:48:00"
"Yogurt Alpina 1L","Lacteos",7,268800.00,"2026-02-13 14:48:00"
"Agua Cristal 600ml","Bebidas",5,107800.00,"2026-02-13 01:31:00"
"Cerveza Poker 330ml","Bebidas",7,107800.00,"2026-02-13 01:31:00"
"Jabon Rey 300g","Aseo",1,107800.00,"2026-02-13 01:31:00"
"Papel Higienico Familia x4","Aseo",5,107800.00,"2026-02-13 01:31:00"
"Atun Van Camps 160g","Enlatados",4,107800.00,"2026-02-13 01:31:00"
"Papas Margarita Natural 30g","Snacks",10,107800.00,"2026-02-13 01:31:00"
"Leche Alqueria Entera 1L","Lacteos",12,167600.00,"2026-02-13 00:15:00"
"Leche Colanta Deslactosada 1L","Lacteos",7,167600.00,"2026-02-13 00:15:00"
"Yogurt Alpina 1L","Lacteos",8,167600.00,"2026-02-13 00:15:00"
"Coca-Cola 350ml","Bebidas",7,167600.00,"2026-02-13 00:15:00"
"Gaseosa Postobon Manzana 350ml","Bebidas",3,167600.00,"2026-02-13 00:15:00"
"Jugo Hit Naranja 1L","Bebidas",4,167600.00,"2026-02-13 00:15:00"
"Galletas Festival Chocolate","Snacks",3,327200.00,"2026-02-12 21:10:00"
"Chocoramo","Snacks",6,327200.00,"2026-02-12 21:10:00"
"Aceite Girasol 1L","Basicos hogar",12,327200.00,"2026-02-12 21:10:00"
"Azucar Manuelita 1Kg","Basicos hogar",11,327200.00,"2026-02-12 21:10:00"
"Cafe Sello Rojo 250g","Basicos hogar",9,327200.00,"2026-02-12 21:10:00"
"Huevos x30 unidades","Basicos hogar",5,327200.00,"2026-02-12 21:10:00"
"Arroz Diana 1Kg","Granos y cereales",11,243000.00,"2026-02-12 15:52:00"
"Arroz Roa 5Kg","Granos y cereales",3,243000.00,"2026-02-12 15:52:00"
"Lentejas 500g","Granos y cereales",9,243000.00,"2026-02-12 15:52:00"
"Frijol rojo 500g","Granos y cereales",12,243000.00,"2026-02-12 15:52:00"
"Avena Quaker 400g","Granos y cereales",4,243000.00,"2026-02-12 15:52:00"
"Pasta Doria Espagueti 250g","Granos y cereales",10,243000.00,"2026-02-12 15:52:00"
"Detergente Fab 1Kg","Aseo",2,87600.00,"2026-02-12 00:34:00"
"Papel Higienico Familia x4","Aseo",2,87600.00,"2026-02-12 00:34:00"
"Sardina Isabel 170g","Enlatados",1,87600.00,"2026-02-12 00:34:00"
"Maiz tierno Zenú 300g","Enlatados",2,87600.00,"2026-02-12 00:34:00"
"Salchicha Ranchera x5","Enlatados",2,87600.00,"2026-02-12 00:34:00"
"Papas Margarita Natural 30g","Snacks",12,87600.00,"2026-02-12 00:34:00"
"Galletas Festival Chocolate","Snacks",10,87600.00,"2026-02-12 00:34:00"
"Arroz Diana 1Kg","Granos y cereales",10,439200.00,"2026-02-11 22:23:00"
"Arroz Roa 5Kg","Granos y cereales",12,439200.00,"2026-02-11 22:23:00"
"Lentejas 500g","Granos y cereales",8,439200.00,"2026-02-11 22:23:00"
"Frijol rojo 500g","Granos y cereales",11,439200.00,"2026-02-11 22:23:00"
"Pasta Doria Espagueti 250g","Granos y cereales",11,439200.00,"2026-02-11 22:23:00"
"Leche Alqueria Entera 1L","Lacteos",8,439200.00,"2026-02-11 22:23:00"
"Leche Colanta Deslactosada 1L","Lacteos",4,439200.00,"2026-02-11 22:23:00"
"Yogurt Alpina 1L","Lacteos",5,103800.00,"2026-02-11 20:36:00"
"Mantequilla 250g","Lacteos",1,103800.00,"2026-02-11 20:36:00"
"Coca-Cola 350ml","Bebidas",11,103800.00,"2026-02-11 20:36:00"
"Jugo Hit Naranja 1L","Bebidas",4,103800.00,"2026-02-11 20:36:00"
"Agua Cristal 600ml","Bebidas",3,103800.00,"2026-02-11 20:36:00"
"Cerveza Poker 330ml","Bebidas",7,103800.00,"2026-02-11 20:36:00"
"Jabon Rey 300g","Aseo",1,103800.00,"2026-02-11 20:36:00"
"Chocolate Jet 50g","Snacks",5,353600.00,"2026-02-11 14:37:00"
"Chocoramo","Snacks",9,353600.00,"2026-02-11 14:37:00"
"Aceite Girasol 1L","Basicos hogar",12,353600.00,"2026-02-11 14:37:00"
"Azucar Manuelita 1Kg","Basicos hogar",3,353600.00,"2026-02-11 14:37:00"
"Cafe Sello Rojo 250g","Basicos hogar",9,353600.00,"2026-02-11 14:37:00"
"Huevos x30 unidades","Basicos hogar",8,353600.00,"2026-02-11 14:37:00"
"Arroz Diana 1Kg","Granos y cereales",11,267600.00,"2026-02-10 20:16:00"
"Arroz Roa 5Kg","Granos y cereales",7,267600.00,"2026-02-10 20:16:00"
"Lentejas 500g","Granos y cereales",6,267600.00,"2026-02-10 20:16:00"
"Frijol rojo 500g","Granos y cereales",6,267600.00,"2026-02-10 20:16:00"
"Avena Quaker 400g","Granos y cereales",2,267600.00,"2026-02-10 20:16:00"
"Pasta Doria Espagueti 250g","Granos y cereales",8,267600.00,"2026-02-10 20:16:00"
"Agua Cristal 600ml","Bebidas",6,93300.00,"2026-02-10 20:13:00"
"Cerveza Poker 330ml","Bebidas",9,93300.00,"2026-02-10 20:13:00"
"Atun Van Camps 160g","Enlatados",3,93300.00,"2026-02-10 20:13:00"
"Frijoles enlatados Zenú 300g","Enlatados",3,93300.00,"2026-02-10 20:13:00"
"Papas Margarita Natural 30g","Snacks",9,93300.00,"2026-02-10 20:13:00"
"Galletas Festival Chocolate","Snacks",8,93300.00,"2026-02-10 20:13:00"
"Leche Alqueria Entera 1L","Lacteos",7,163000.00,"2026-02-10 17:14:00"
"Leche Colanta Deslactosada 1L","Lacteos",12,163000.00,"2026-02-10 17:14:00"
"Yogurt Alpina 1L","Lacteos",5,163000.00,"2026-02-10 17:14:00"
"Queso Campesino 500g","Lacteos",2,163000.00,"2026-02-10 17:14:00"
"Coca-Cola 350ml","Bebidas",8,163000.00,"2026-02-10 17:14:00"
"Gaseosa Postobon Manzana 350ml","Bebidas",5,163000.00,"2026-02-10 17:14:00"
"Chocolate Jet 50g","Snacks",2,145400.00,"2026-02-10 12:13:00"
"Chocoramo","Snacks",7,145400.00,"2026-02-10 12:13:00"
"Cafe Sello Rojo 250g","Basicos hogar",8,145400.00,"2026-02-10 12:13:00"
"Huevos x30 unidades","Basicos hogar",4,145400.00,"2026-02-10 12:13:00"
"Yogurt Alpina 1L","Lacteos",11,187700.00,"2026-02-09 21:41:00"
"Gaseosa Postobon Manzana 350ml","Bebidas",6,187700.00,"2026-02-09 21:41:00"
"Jugo Hit Naranja 1L","Bebidas",3,187700.00,"2026-02-09 21:41:00"
"Agua Cristal 600ml","Bebidas",10,187700.00,"2026-02-09 21:41:00"
"Cerveza Poker 330ml","Bebidas",6,187700.00,"2026-02-09 21:41:00"
"Aguardiante Antioqueno 375ml","Bebidas",2,187700.00,"2026-02-09 21:41:00"
"Papel Higienico Familia x4","Aseo",4,187700.00,"2026-02-09 21:41:00"
"Atun Van Camps 160g","Enlatados",1,187700.00,"2026-02-09 21:41:00"
"Frijoles enlatados Zenú 300g","Enlatados",2,293000.00,"2026-02-09 15:41:00"
"Papas Margarita Natural 30g","Snacks",7,293000.00,"2026-02-09 15:41:00"
"Galletas Festival Chocolate","Snacks",12,293000.00,"2026-02-09 15:41:00"
"Chocolate Jet 50g","Snacks",3,293000.00,"2026-02-09 15:41:00"
"Aceite Girasol 1L","Basicos hogar",6,293000.00,"2026-02-09 15:41:00"
"Azucar Manuelita 1Kg","Basicos hogar",3,293000.00,"2026-02-09 15:41:00"
"Cafe Sello Rojo 250g","Basicos hogar",7,293000.00,"2026-02-09 15:41:00"
"Huevos x30 unidades","Basicos hogar",8,293000.00,"2026-02-09 15:41:00"
"Arroz Diana 1Kg","Granos y cereales",9,219800.00,"2026-02-09 15:01:00"
"Lentejas 500g","Granos y cereales",6,219800.00,"2026-02-09 15:01:00"
"Frijol rojo 500g","Granos y cereales",12,219800.00,"2026-02-09 15:01:00"
"Avena Quaker 400g","Granos y cereales",1,219800.00,"2026-02-09 15:01:00"
"Pasta Doria Espagueti 250g","Granos y cereales",7,219800.00,"2026-02-09 15:01:00"
"Harina de Trigo 1Kg","Granos y cereales",1,219800.00,"2026-02-09 15:01:00"
"Leche Alqueria Entera 1L","Lacteos",7,219800.00,"2026-02-09 15:01:00"
"Leche Colanta Deslactosada 1L","Lacteos",10,219800.00,"2026-02-09 15:01:00"
"Agua Cristal 600ml","Bebidas",9,485400.00,"2026-02-08 21:56:00"
"Cerveza Poker 330ml","Bebidas",13,485400.00,"2026-02-08 21:56:00"
"Papel Higienico Familia x4","Aseo",1,485400.00,"2026-02-08 21:56:00"
"Atun Van Camps 160g","Enlatados",1,485400.00,"2026-02-08 21:56:00"
"Papas Margarita Natural 30g","Snacks",14,485400.00,"2026-02-08 21:56:00"
"Galletas Festival Chocolate","Snacks",8,485400.00,"2026-02-08 21:56:00"
"Chocolate Jet 50g","Snacks",1,485400.00,"2026-02-08 21:56:00"
"Chocoramo","Snacks",4,485400.00,"2026-02-08 21:56:00"
"Aceite Girasol 1L","Basicos hogar",10,485400.00,"2026-02-08 21:56:00"
"Azucar Manuelita 1Kg","Basicos hogar",7,485400.00,"2026-02-08 21:56:00"
"Cafe Sello Rojo 250g","Basicos hogar",13,485400.00,"2026-02-08 21:56:00"
"Huevos x30 unidades","Basicos hogar",9,485400.00,"2026-02-08 21:56:00"
"Arroz Diana 1Kg","Granos y cereales",4,399100.00,"2026-02-08 12:28:00"
"Arroz Roa 5Kg","Granos y cereales",4,399100.00,"2026-02-08 12:28:00"
"Lentejas 500g","Granos y cereales",4,399100.00,"2026-02-08 12:28:00"
"Frijol rojo 500g","Granos y cereales",13,399100.00,"2026-02-08 12:28:00"
"Pasta Doria Espagueti 250g","Granos y cereales",13,399100.00,"2026-02-08 12:28:00"
"Leche Alqueria Entera 1L","Lacteos",7,399100.00,"2026-02-08 12:28:00"
"Leche Colanta Deslactosada 1L","Lacteos",16,399100.00,"2026-02-08 12:28:00"
"Yogurt Alpina 1L","Lacteos",4,399100.00,"2026-02-08 12:28:00"
"Queso Campesino 500g","Lacteos",5,399100.00,"2026-02-08 12:28:00"
"Mantequilla 250g","Lacteos",1,399100.00,"2026-02-08 12:28:00"
"Coca-Cola 350ml","Bebidas",5,399100.00,"2026-02-08 12:28:00"
"Gaseosa Postobon Manzana 350ml","Bebidas",4,399100.00,"2026-02-08 12:28:00"
"Arroz Diana 1Kg","Granos y cereales",13,1182600.00,"2026-02-07 22:15:00"
"Arroz Roa 5Kg","Granos y cereales",9,1182600.00,"2026-02-07 22:15:00"
"Lentejas 500g","Granos y cereales",12,1182600.00,"2026-02-07 22:15:00"
"Frijol rojo 500g","Granos y cereales",5,1182600.00,"2026-02-07 22:15:00"
"Pasta Doria Espagueti 250g","Granos y cereales",8,1182600.00,"2026-02-07 22:15:00"
"Harina de Trigo 1Kg","Granos y cereales",5,1182600.00,"2026-02-07 22:15:00"
"Leche Alqueria Entera 1L","Lacteos",13,1182600.00,"2026-02-07 22:15:00"
"Leche Colanta Deslactosada 1L","Lacteos",16,1182600.00,"2026-02-07 22:15:00"
"Yogurt Alpina 1L","Lacteos",16,1182600.00,"2026-02-07 22:15:00"
"Queso Campesino 500g","Lacteos",7,1182600.00,"2026-02-07 22:15:00"
"Coca-Cola 350ml","Bebidas",13,1182600.00,"2026-02-07 22:15:00"
"Gaseosa Postobon Manzana 350ml","Bebidas",10,1182600.00,"2026-02-07 22:15:00"
"Jugo Hit Naranja 1L","Bebidas",1,1182600.00,"2026-02-07 22:15:00"
"Agua Cristal 600ml","Bebidas",5,1182600.00,"2026-02-07 22:15:00"
"Cerveza Poker 330ml","Bebidas",13,1182600.00,"2026-02-07 22:15:00"
"Detergente Fab 1Kg","Aseo",3,1182600.00,"2026-02-07 22:15:00"
"Papel Higienico Familia x4","Aseo",5,1182600.00,"2026-02-07 22:15:00"
"Sardina Isabel 170g","Enlatados",5,1182600.00,"2026-02-07 22:15:00"
"Frijoles enlatados Zenú 300g","Enlatados",3,1182600.00,"2026-02-07 22:15:00"
"Salchicha Ranchera x5","Enlatados",1,1182600.00,"2026-02-07 22:15:00"
"Papas Margarita Natural 30g","Snacks",5,1182600.00,"2026-02-07 22:15:00"
"Galletas Festival Chocolate","Snacks",10,1182600.00,"2026-02-07 22:15:00"
"Chocoramo","Snacks",4,1182600.00,"2026-02-07 22:15:00"
"Aceite Girasol 1L","Basicos hogar",5,1182600.00,"2026-02-07 22:15:00"
"Azucar Manuelita 1Kg","Basicos hogar",10,1182600.00,"2026-02-07 22:15:00"
"Cafe Sello Rojo 250g","Basicos hogar",10,1182600.00,"2026-02-07 22:15:00"
"Panela redonda 500g","Basicos hogar",7,1182600.00,"2026-02-07 22:15:00"
"Huevos x30 unidades","Basicos hogar",9,1182600.00,"2026-02-07 22:15:00"
"Arroz Diana 1Kg","Granos y cereales",12,503600.00,"2026-02-07 01:14:00"
"Arroz Roa 5Kg","Granos y cereales",10,503600.00,"2026-02-07 01:14:00"
"Lentejas 500g","Granos y cereales",9,503600.00,"2026-02-07 01:14:00"
"Frijol rojo 500g","Granos y cereales",9,503600.00,"2026-02-07 01:14:00"
"Avena Quaker 400g","Granos y cereales",5,503600.00,"2026-02-07 01:14:00"
"Pasta Doria Espagueti 250g","Granos y cereales",3,503600.00,"2026-02-07 01:14:00"
"Leche Alqueria Entera 1L","Lacteos",8,503600.00,"2026-02-07 01:14:00"
"Leche Colanta Deslactosada 1L","Lacteos",12,503600.00,"2026-02-07 01:14:00"
"Yogurt Alpina 1L","Lacteos",10,503600.00,"2026-02-07 01:14:00"
"Sardina Isabel 170g","Enlatados",5,307300.00,"2026-02-06 12:29:00"
"Salchicha Ranchera x5","Enlatados",3,307300.00,"2026-02-06 12:29:00"
"Papas Margarita Natural 30g","Snacks",10,307300.00,"2026-02-06 12:29:00"
"Galletas Festival Chocolate","Snacks",12,307300.00,"2026-02-06 12:29:00"
"Chocoramo","Snacks",8,307300.00,"2026-02-06 12:29:00"
"Aceite Girasol 1L","Basicos hogar",4,307300.00,"2026-02-06 12:29:00"
"Azucar Manuelita 1Kg","Basicos hogar",5,307300.00,"2026-02-06 12:29:00"
"Cafe Sello Rojo 250g","Basicos hogar",6,307300.00,"2026-02-06 12:29:00"
"Huevos x30 unidades","Basicos hogar",7,307300.00,"2026-02-06 12:29:00"
"Mantequilla 250g","Lacteos",2,116800.00,"2026-02-06 12:11:00"
"Gaseosa Postobon Manzana 350ml","Bebidas",4,116800.00,"2026-02-06 12:11:00"
"Jugo Hit Naranja 1L","Bebidas",5,116800.00,"2026-02-06 12:11:00"
"Agua Cristal 600ml","Bebidas",5,116800.00,"2026-02-06 12:11:00"
"Cerveza Poker 330ml","Bebidas",9,116800.00,"2026-02-06 12:11:00"
"Jabon Rey 300g","Aseo",2,116800.00,"2026-02-06 12:11:00"
"Detergente Fab 1Kg","Aseo",1,116800.00,"2026-02-06 12:11:00"
"Papel Higienico Familia x4","Aseo",2,116800.00,"2026-02-06 12:11:00"
"Atun Van Camps 160g","Enlatados",3,116800.00,"2026-02-06 12:11:00"
"Arroz Roa 5Kg","Granos y cereales",12,393400.00,"2026-02-06 01:21:00"
"Frijol rojo 500g","Granos y cereales",9,393400.00,"2026-02-06 01:21:00"
"Avena Quaker 400g","Granos y cereales",4,393400.00,"2026-02-06 01:21:00"
"Pasta Doria Espagueti 250g","Granos y cereales",12,393400.00,"2026-02-06 01:21:00"
"Harina de Trigo 1Kg","Granos y cereales",2,393400.00,"2026-02-06 01:21:00"
"Leche Alqueria Entera 1L","Lacteos",3,393400.00,"2026-02-06 01:21:00"
"Leche Colanta Deslactosada 1L","Lacteos",5,393400.00,"2026-02-06 01:21:00"
"Yogurt Alpina 1L","Lacteos",4,393400.00,"2026-02-06 01:21:00"
"Mantequilla 250g","Lacteos",4,123600.00,"2026-02-05 23:52:00"
"Coca-Cola 350ml","Bebidas",3,123600.00,"2026-02-05 23:52:00"
"Gaseosa Postobon Manzana 350ml","Bebidas",6,123600.00,"2026-02-05 23:52:00"
"Agua Cristal 600ml","Bebidas",12,123600.00,"2026-02-05 23:52:00"
"Cerveza Poker 330ml","Bebidas",11,123600.00,"2026-02-05 23:52:00"
"Cepillo de Dientes Colgate","Aseo",2,123600.00,"2026-02-05 23:52:00"
"Atun Van Camps 160g","Enlatados",2,123600.00,"2026-02-05 23:52:00"
"Frijoles enlatados Zenú 300g","Enlatados",3,123600.00,"2026-02-05 23:52:00"
"Papas Margarita Natural 30g","Snacks",5,179200.00,"2026-02-05 16:48:00"
"Galletas Festival Chocolate","Snacks",3,179200.00,"2026-02-05 16:48:00"
"Chocolate Jet 50g","Snacks",3,179200.00,"2026-02-05 16:48:00"
"Chocoramo","Snacks",10,179200.00,"2026-02-05 16:48:00"
"Sal Refisal 1Kg","Basicos hogar",2,179200.00,"2026-02-05 16:48:00"
"Cafe Sello Rojo 250g","Basicos hogar",7,179200.00,"2026-02-05 16:48:00"
"Huevos x30 unidades","Basicos hogar",5,179200.00,"2026-02-05 16:48:00"
"Papel Higienico Familia x4","Aseo",1,77000.00,"2026-02-05 01:36:00"
"Cepillo de Dientes Colgate","Aseo",1,77000.00,"2026-02-05 01:36:00"
"Salchicha Ranchera x5","Enlatados",4,77000.00,"2026-02-05 01:36:00"
"Papas Margarita Natural 30g","Snacks",9,77000.00,"2026-02-05 01:36:00"
"Galletas Festival Chocolate","Snacks",7,77000.00,"2026-02-05 01:36:00"
"Chocoramo","Snacks",8,77000.00,"2026-02-05 01:36:00"
"Aceite Girasol 1L","Basicos hogar",10,302600.00,"2026-02-04 22:07:00"
"Azucar Manuelita 1Kg","Basicos hogar",8,302600.00,"2026-02-04 22:07:00"
"Cafe Sello Rojo 250g","Basicos hogar",10,302600.00,"2026-02-04 22:07:00"
"Huevos x30 unidades","Basicos hogar",6,302600.00,"2026-02-04 22:07:00"
"Arroz Diana 1Kg","Granos y cereales",12,178300.00,"2026-02-04 15:38:00"
"Lentejas 500g","Granos y cereales",6,178300.00,"2026-02-04 15:38:00"
"Frijol rojo 500g","Granos y cereales",6,178300.00,"2026-02-04 15:38:00"
"Avena Quaker 400g","Granos y cereales",4,178300.00,"2026-02-04 15:38:00"
"Harina de Trigo 1Kg","Granos y cereales",1,178300.00,"2026-02-04 15:38:00"
"Leche Alqueria Entera 1L","Lacteos",12,178300.00,"2026-02-04 15:38:00"
"Yogurt Alpina 1L","Lacteos",10,143600.00,"2026-02-04 14:04:00"
"Queso Campesino 500g","Lacteos",1,143600.00,"2026-02-04 14:04:00"
"Mantequilla 250g","Lacteos",5,143600.00,"2026-02-04 14:04:00"
"Coca-Cola 350ml","Bebidas",8,143600.00,"2026-02-04 14:04:00"
"Agua Cristal 600ml","Bebidas",8,143600.00,"2026-02-04 14:04:00"
"Cerveza Poker 330ml","Bebidas",8,143600.00,"2026-02-04 14:04:00"
"Arroz Diana 1Kg","Granos y cereales",4,904700.00,"2026-02-03 16:19:00"
"Arroz Roa 5Kg","Granos y cereales",10,904700.00,"2026-02-03 16:19:00"
"Frijol rojo 500g","Granos y cereales",11,904700.00,"2026-02-03 16:19:00"
"Avena Quaker 400g","Granos y cereales",3,904700.00,"2026-02-03 16:19:00"
"Pasta Doria Espagueti 250g","Granos y cereales",10,904700.00,"2026-02-03 16:19:00"
"Harina de Trigo 1Kg","Granos y cereales",5,904700.00,"2026-02-03 16:19:00"
"Leche Alqueria Entera 1L","Lacteos",12,904700.00,"2026-02-03 16:19:00"
"Leche Colanta Deslactosada 1L","Lacteos",10,904700.00,"2026-02-03 16:19:00"
"Yogurt Alpina 1L","Lacteos",12,904700.00,"2026-02-03 16:19:00"
"Coca-Cola 350ml","Bebidas",3,904700.00,"2026-02-03 16:19:00"
"Gaseosa Postobon Manzana 350ml","Bebidas",10,904700.00,"2026-02-03 16:19:00"
"Jugo Hit Naranja 1L","Bebidas",5,904700.00,"2026-02-03 16:19:00"
"Agua Cristal 600ml","Bebidas",7,904700.00,"2026-02-03 16:19:00"
"Cerveza Poker 330ml","Bebidas",5,904700.00,"2026-02-03 16:19:00"
"Papel Higienico Familia x4","Aseo",1,904700.00,"2026-02-03 16:19:00"
"Cloro Blancox 500ml","Aseo",2,904700.00,"2026-02-03 16:19:00"
"Atun Van Camps 160g","Enlatados",5,904700.00,"2026-02-03 16:19:00"
"Frijoles enlatados Zenú 300g","Enlatados",5,904700.00,"2026-02-03 16:19:00"
"Papas Margarita Natural 30g","Snacks",8,904700.00,"2026-02-03 16:19:00"
"Galletas Festival Chocolate","Snacks",7,904700.00,"2026-02-03 16:19:00"
"Aceite Girasol 1L","Basicos hogar",3,904700.00,"2026-02-03 16:19:00"
"Azucar Manuelita 1Kg","Basicos hogar",11,904700.00,"2026-02-03 16:19:00"
"Cafe Sello Rojo 250g","Basicos hogar",11,904700.00,"2026-02-03 16:19:00"
"Panela redonda 500g","Basicos hogar",1,904700.00,"2026-02-03 16:19:00"
"Huevos x30 unidades","Basicos hogar",6,904700.00,"2026-02-03 16:19:00"
"Arroz Diana 1Kg","Granos y cereales",4,615900.00,"2026-02-02 23:57:00"
"Arroz Roa 5Kg","Granos y cereales",13,615900.00,"2026-02-02 23:57:00"
"Lentejas 500g","Granos y cereales",10,615900.00,"2026-02-02 23:57:00"
"Frijol rojo 500g","Granos y cereales",17,615900.00,"2026-02-02 23:57:00"
"Avena Quaker 400g","Granos y cereales",7,615900.00,"2026-02-02 23:57:00"
"Pasta Doria Espagueti 250g","Granos y cereales",6,615900.00,"2026-02-02 23:57:00"
"Leche Alqueria Entera 1L","Lacteos",17,615900.00,"2026-02-02 23:57:00"
"Leche Colanta Deslactosada 1L","Lacteos",7,615900.00,"2026-02-02 23:57:00"
"Yogurt Alpina 1L","Lacteos",8,615900.00,"2026-02-02 23:57:00"
"Queso Campesino 500g","Lacteos",3,615900.00,"2026-02-02 23:57:00"
"Mantequilla 250g","Lacteos",1,615900.00,"2026-02-02 23:57:00"
"Papas Margarita Natural 30g","Snacks",14,368600.00,"2026-02-02 18:40:00"
"Galletas Festival Chocolate","Snacks",14,368600.00,"2026-02-02 18:40:00"
"Chocolate Jet 50g","Snacks",6,368600.00,"2026-02-02 18:40:00"
"Chocoramo","Snacks",7,368600.00,"2026-02-02 18:40:00"
"Aceite Girasol 1L","Basicos hogar",6,368600.00,"2026-02-02 18:40:00"
"Azucar Manuelita 1Kg","Basicos hogar",4,368600.00,"2026-02-02 18:40:00"
"Cafe Sello Rojo 250g","Basicos hogar",11,368600.00,"2026-02-02 18:40:00"
"Panela redonda 500g","Basicos hogar",4,368600.00,"2026-02-02 18:40:00"
"Huevos x30 unidades","Basicos hogar",8,368600.00,"2026-02-02 18:40:00"
"Coca-Cola 350ml","Bebidas",4,245600.00,"2026-02-02 12:33:00"
"Gaseosa Postobon Manzana 350ml","Bebidas",14,245600.00,"2026-02-02 12:33:00"
"Jugo Hit Naranja 1L","Bebidas",7,245600.00,"2026-02-02 12:33:00"
"Agua Cristal 600ml","Bebidas",14,245600.00,"2026-02-02 12:33:00"
"Cerveza Poker 330ml","Bebidas",14,245600.00,"2026-02-02 12:33:00"
"Aguardiante Antioqueno 375ml","Bebidas",1,245600.00,"2026-02-02 12:33:00"
"Papel Higienico Familia x4","Aseo",7,245600.00,"2026-02-02 12:33:00"
"Atun Van Camps 160g","Enlatados",1,245600.00,"2026-02-02 12:33:00"
"Sardina Isabel 170g","Enlatados",1,245600.00,"2026-02-02 12:33:00"
"Frijoles enlatados Zenú 300g","Enlatados",6,245600.00,"2026-02-02 12:33:00"
"Salchicha Ranchera x5","Enlatados",3,245600.00,"2026-02-02 12:33:00"
"Arroz Diana 1Kg","Granos y cereales",13,1768900.00,"2026-02-01 17:21:00"
"Arroz Roa 5Kg","Granos y cereales",7,1768900.00,"2026-02-01 17:21:00"
"Lentejas 500g","Granos y cereales",13,1768900.00,"2026-02-01 17:21:00"
"Frijol rojo 500g","Granos y cereales",16,1768900.00,"2026-02-01 17:21:00"
"Avena Quaker 400g","Granos y cereales",2,1768900.00,"2026-02-01 17:21:00"
"Pasta Doria Espagueti 250g","Granos y cereales",5,1768900.00,"2026-02-01 17:21:00"
"Harina de Trigo 1Kg","Granos y cereales",5,1768900.00,"2026-02-01 17:21:00"
"Leche Alqueria Entera 1L","Lacteos",18,1768900.00,"2026-02-01 17:21:00"
"Leche Colanta Deslactosada 1L","Lacteos",9,1768900.00,"2026-02-01 17:21:00"
"Yogurt Alpina 1L","Lacteos",20,1768900.00,"2026-02-01 17:21:00"
"Queso Campesino 500g","Lacteos",4,1768900.00,"2026-02-01 17:21:00"
"Mantequilla 250g","Lacteos",7,1768900.00,"2026-02-01 17:21:00"
"Coca-Cola 350ml","Bebidas",22,1768900.00,"2026-02-01 17:21:00"
"Gaseosa Postobon Manzana 350ml","Bebidas",9,1768900.00,"2026-02-01 17:21:00"
"Jugo Hit Naranja 1L","Bebidas",7,1768900.00,"2026-02-01 17:21:00"
"Agua Cristal 600ml","Bebidas",15,1768900.00,"2026-02-01 17:21:00"
"Cerveza Poker 330ml","Bebidas",22,1768900.00,"2026-02-01 17:21:00"
"Aguardiante Antioqueno 375ml","Bebidas",2,1768900.00,"2026-02-01 17:21:00"
"Jabon Rey 300g","Aseo",2,1768900.00,"2026-02-01 17:21:00"
"Papel Higienico Familia x4","Aseo",9,1768900.00,"2026-02-01 17:21:00"
"Cloro Blancox 500ml","Aseo",2,1768900.00,"2026-02-01 17:21:00"
"Cepillo de Dientes Colgate","Aseo",4,1768900.00,"2026-02-01 17:21:00"
"Atun Van Camps 160g","Enlatados",4,1768900.00,"2026-02-01 17:21:00"
"Sardina Isabel 170g","Enlatados",5,1768900.00,"2026-02-01 17:21:00"
"Frijoles enlatados Zenú 300g","Enlatados",5,1768900.00,"2026-02-01 17:21:00"
"Salchicha Ranchera x5","Enlatados",5,1768900.00,"2026-02-01 17:21:00"
"Papas Margarita Natural 30g","Snacks",20,1768900.00,"2026-02-01 17:21:00"
"Galletas Festival Chocolate","Snacks",18,1768900.00,"2026-02-01 17:21:00"
"Chocolate Jet 50g","Snacks",5,1768900.00,"2026-02-01 17:21:00"
"Chocoramo","Snacks",13,1768900.00,"2026-02-01 17:21:00"
"Aceite Girasol 1L","Basicos hogar",9,1768900.00,"2026-02-01 17:21:00"
"Azucar Manuelita 1Kg","Basicos hogar",20,1768900.00,"2026-02-01 17:21:00"
"Cafe Sello Rojo 250g","Basicos hogar",13,1768900.00,"2026-02-01 17:21:00"
"Panela redonda 500g","Basicos hogar",9,1768900.00,"2026-02-01 17:21:00"
"Huevos x30 unidades","Basicos hogar",20,1768900.00,"2026-02-01 17:21:00"
"Arroz Diana 1Kg","Granos y cereales",12,409900.00,"2026-01-31 19:33:00"
"Arroz Roa 5Kg","Granos y cereales",10,409900.00,"2026-01-31 19:33:00"
"Lentejas 500g","Granos y cereales",9,409900.00,"2026-01-31 19:33:00"
"Frijol rojo 500g","Granos y cereales",4,409900.00,"2026-01-31 19:33:00"
"Avena Quaker 400g","Granos y cereales",5,409900.00,"2026-01-31 19:33:00"
"Pasta Doria Espagueti 250g","Granos y cereales",7,409900.00,"2026-01-31 19:33:00"
"Harina de Trigo 1Kg","Granos y cereales",1,409900.00,"2026-01-31 19:33:00"
"Leche Alqueria Entera 1L","Lacteos",14,409900.00,"2026-01-31 19:33:00"
"Aguardiante Antioqueno 375ml","Bebidas",3,112800.00,"2026-01-31 14:30:00"
"Cloro Blancox 500ml","Aseo",1,112800.00,"2026-01-31 14:30:00"
"Cepillo de Dientes Colgate","Aseo",1,112800.00,"2026-01-31 14:30:00"
"Sardina Isabel 170g","Enlatados",3,112800.00,"2026-01-31 14:30:00"
"Frijoles enlatados Zenú 300g","Enlatados",3,112800.00,"2026-01-31 14:30:00"
"Papas Margarita Natural 30g","Snacks",5,112800.00,"2026-01-31 14:30:00"
"Galletas Festival Chocolate","Snacks",9,112800.00,"2026-01-31 14:30:00"
"Chocolate Jet 50g","Snacks",4,112800.00,"2026-01-31 14:30:00"
"Leche Colanta Deslactosada 1L","Lacteos",9,203800.00,"2026-01-31 13:21:00"
"Yogurt Alpina 1L","Lacteos",7,203800.00,"2026-01-31 13:21:00"
"Queso Campesino 500g","Lacteos",4,203800.00,"2026-01-31 13:21:00"
"Coca-Cola 350ml","Bebidas",8,203800.00,"2026-01-31 13:21:00"
"Gaseosa Postobon Manzana 350ml","Bebidas",9,203800.00,"2026-01-31 13:21:00"
"Jugo Hit Naranja 1L","Bebidas",5,203800.00,"2026-01-31 13:21:00"
"Agua Cristal 600ml","Bebidas",4,203800.00,"2026-01-31 13:21:00"
"Cerveza Poker 330ml","Bebidas",7,203800.00,"2026-01-31 13:21:00"
"Chiclets Adams x3","Snacks",3,401400.00,"2026-01-31 13:20:00"
"Chocoramo","Snacks",13,401400.00,"2026-01-31 13:20:00"
"Aceite Girasol 1L","Basicos hogar",7,401400.00,"2026-01-31 13:20:00"
"Azucar Manuelita 1Kg","Basicos hogar",5,401400.00,"2026-01-31 13:20:00"
"Cafe Sello Rojo 250g","Basicos hogar",8,401400.00,"2026-01-31 13:20:00"
"Panela redonda 500g","Basicos hogar",5,401400.00,"2026-01-31 13:20:00"
"Huevos x30 unidades","Basicos hogar",13,401400.00,"2026-01-31 13:20:00"
"Cerveza Poker 330ml","Bebidas",11,345200.00,"2026-01-30 18:37:00"
"Jabon Rey 300g","Aseo",2,345200.00,"2026-01-30 18:37:00"
"Papel Higienico Familia x4","Aseo",2,345200.00,"2026-01-30 18:37:00"
"Cloro Blancox 500ml","Aseo",2,345200.00,"2026-01-30 18:37:00"
"Frijoles enlatados Zenú 300g","Enlatados",3,345200.00,"2026-01-30 18:37:00"
"Salchicha Ranchera x5","Enlatados",1,345200.00,"2026-01-30 18:37:00"
"Papas Margarita Natural 30g","Snacks",9,345200.00,"2026-01-30 18:37:00"
"Galletas Festival Chocolate","Snacks",5,345200.00,"2026-01-30 18:37:00"
"Chiclets Adams x3","Snacks",2,345200.00,"2026-01-30 18:37:00"
"Chocoramo","Snacks",7,345200.00,"2026-01-30 18:37:00"
"Aceite Girasol 1L","Basicos hogar",8,345200.00,"2026-01-30 18:37:00"
"Azucar Manuelita 1Kg","Basicos hogar",6,345200.00,"2026-01-30 18:37:00"
"Huevos x30 unidades","Basicos hogar",8,345200.00,"2026-01-30 18:37:00"
"Arroz Diana 1Kg","Granos y cereales",7,539800.00,"2026-01-30 16:26:00"
"Arroz Roa 5Kg","Granos y cereales",12,539800.00,"2026-01-30 16:26:00"
"Lentejas 500g","Granos y cereales",10,539800.00,"2026-01-30 16:26:00"
"Frijol rojo 500g","Granos y cereales",7,539800.00,"2026-01-30 16:26:00"
"Pasta Doria Espagueti 250g","Granos y cereales",7,539800.00,"2026-01-30 16:26:00"
"Leche Alqueria Entera 1L","Lacteos",6,539800.00,"2026-01-30 16:26:00"
"Leche Colanta Deslactosada 1L","Lacteos",10,539800.00,"2026-01-30 16:26:00"
"Yogurt Alpina 1L","Lacteos",8,539800.00,"2026-01-30 16:26:00"
"Mantequilla 250g","Lacteos",2,539800.00,"2026-01-30 16:26:00"
"Coca-Cola 350ml","Bebidas",12,539800.00,"2026-01-30 16:26:00"
"Gaseosa Postobon Manzana 350ml","Bebidas",6,539800.00,"2026-01-30 16:26:00"
"Jugo Hit Naranja 1L","Bebidas",1,539800.00,"2026-01-30 16:26:00"
"Agua Cristal 600ml","Bebidas",9,539800.00,"2026-01-30 16:26:00"
"Coca-Cola 350ml","Bebidas",8,99000.00,"2026-01-29 23:19:00"
"Jugo Hit Naranja 1L","Bebidas",1,99000.00,"2026-01-29 23:19:00"
"Agua Cristal 600ml","Bebidas",12,99000.00,"2026-01-29 23:19:00"
"Cerveza Poker 330ml","Bebidas",6,99000.00,"2026-01-29 23:19:00"
"Papel Higienico Familia x4","Aseo",2,99000.00,"2026-01-29 23:19:00"
"Cepillo de Dientes Colgate","Aseo",2,99000.00,"2026-01-29 23:19:00"
"Frijoles enlatados Zenú 300g","Enlatados",3,99000.00,"2026-01-29 23:19:00"
"Salchicha Ranchera x5","Enlatados",1,99000.00,"2026-01-29 23:19:00"
"Papas Margarita Natural 30g","Snacks",7,276700.00,"2026-01-29 21:12:00"
"Galletas Festival Chocolate","Snacks",3,276700.00,"2026-01-29 21:12:00"
"Chocolate Jet 50g","Snacks",1,276700.00,"2026-01-29 21:12:00"
"Chocoramo","Snacks",7,276700.00,"2026-01-29 21:12:00"
"Aceite Girasol 1L","Basicos hogar",9,276700.00,"2026-01-29 21:12:00"
"Azucar Manuelita 1Kg","Basicos hogar",9,276700.00,"2026-01-29 21:12:00"
"Cafe Sello Rojo 250g","Basicos hogar",7,276700.00,"2026-01-29 21:12:00"
"Huevos x30 unidades","Basicos hogar",4,276700.00,"2026-01-29 21:12:00"
"Arroz Diana 1Kg","Granos y cereales",12,392500.00,"2026-01-29 14:25:00"
"Arroz Roa 5Kg","Granos y cereales",9,392500.00,"2026-01-29 14:25:00"
"Lentejas 500g","Granos y cereales",12,392500.00,"2026-01-29 14:25:00"
"Avena Quaker 400g","Granos y cereales",3,392500.00,"2026-01-29 14:25:00"
"Pasta Doria Espagueti 250g","Granos y cereales",4,392500.00,"2026-01-29 14:25:00"
"Leche Alqueria Entera 1L","Lacteos",10,392500.00,"2026-01-29 14:25:00"
"Leche Colanta Deslactosada 1L","Lacteos",3,392500.00,"2026-01-29 14:25:00"
"Yogurt Alpina 1L","Lacteos",6,392500.00,"2026-01-29 14:25:00"
"Cerveza Poker 330ml","Bebidas",5,305600.00,"2026-01-28 15:24:00"
"Papel Higienico Familia x4","Aseo",4,305600.00,"2026-01-28 15:24:00"
"Atun Van Camps 160g","Enlatados",3,305600.00,"2026-01-28 15:24:00"
"Maiz tierno Zenú 300g","Enlatados",2,305600.00,"2026-01-28 15:24:00"
"Salchicha Ranchera x5","Enlatados",1,305600.00,"2026-01-28 15:24:00"
"Papas Margarita Natural 30g","Snacks",7,305600.00,"2026-01-28 15:24:00"
"Galletas Festival Chocolate","Snacks",8,305600.00,"2026-01-28 15:24:00"
"Chocolate Jet 50g","Snacks",4,305600.00,"2026-01-28 15:24:00"
"Chocoramo","Snacks",8,305600.00,"2026-01-28 15:24:00"
"Aceite Girasol 1L","Basicos hogar",7,305600.00,"2026-01-28 15:24:00"
"Cafe Sello Rojo 250g","Basicos hogar",3,305600.00,"2026-01-28 15:24:00"
"Huevos x30 unidades","Basicos hogar",6,305600.00,"2026-01-28 15:24:00"
"Arroz Diana 1Kg","Granos y cereales",6,478500.00,"2026-01-28 13:58:00"
"Arroz Roa 5Kg","Granos y cereales",7,478500.00,"2026-01-28 13:58:00"
"Lentejas 500g","Granos y cereales",7,478500.00,"2026-01-28 13:58:00"
"Frijol rojo 500g","Granos y cereales",12,478500.00,"2026-01-28 13:58:00"
"Pasta Doria Espagueti 250g","Granos y cereales",7,478500.00,"2026-01-28 13:58:00"
"Leche Alqueria Entera 1L","Lacteos",10,478500.00,"2026-01-28 13:58:00"
"Leche Colanta Deslactosada 1L","Lacteos",11,478500.00,"2026-01-28 13:58:00"
"Yogurt Alpina 1L","Lacteos",9,478500.00,"2026-01-28 13:58:00"
"Queso Campesino 500g","Lacteos",3,478500.00,"2026-01-28 13:58:00"
"Gaseosa Postobon Manzana 350ml","Bebidas",10,478500.00,"2026-01-28 13:58:00"
"Jugo Hit Naranja 1L","Bebidas",2,478500.00,"2026-01-28 13:58:00"
"Agua Cristal 600ml","Bebidas",12,478500.00,"2026-01-28 13:58:00"
"Arroz Diana 1Kg","Granos y cereales",12,836600.00,"2026-01-27 18:06:00"
"Arroz Roa 5Kg","Granos y cereales",3,836600.00,"2026-01-27 18:06:00"
"Lentejas 500g","Granos y cereales",9,836600.00,"2026-01-27 18:06:00"
"Frijol rojo 500g","Granos y cereales",12,836600.00,"2026-01-27 18:06:00"
"Avena Quaker 400g","Granos y cereales",3,836600.00,"2026-01-27 18:06:00"
"Pasta Doria Espagueti 250g","Granos y cereales",3,836600.00,"2026-01-27 18:06:00"
"Leche Alqueria Entera 1L","Lacteos",3,836600.00,"2026-01-27 18:06:00"
"Leche Colanta Deslactosada 1L","Lacteos",12,836600.00,"2026-01-27 18:06:00"
"Yogurt Alpina 1L","Lacteos",4,836600.00,"2026-01-27 18:06:00"
"Queso Campesino 500g","Lacteos",2,836600.00,"2026-01-27 18:06:00"
"Coca-Cola 350ml","Bebidas",11,836600.00,"2026-01-27 18:06:00"
"Gaseosa Postobon Manzana 350ml","Bebidas",4,836600.00,"2026-01-27 18:06:00"
"Jugo Hit Naranja 1L","Bebidas",3,836600.00,"2026-01-27 18:06:00"
"Agua Cristal 600ml","Bebidas",7,836600.00,"2026-01-27 18:06:00"
"Cerveza Poker 330ml","Bebidas",5,836600.00,"2026-01-27 18:06:00"
"Atun Van Camps 160g","Enlatados",3,836600.00,"2026-01-27 18:06:00"
"Sardina Isabel 170g","Enlatados",3,836600.00,"2026-01-27 18:06:00"
"Frijoles enlatados Zenú 300g","Enlatados",2,836600.00,"2026-01-27 18:06:00"
"Papas Margarita Natural 30g","Snacks",3,836600.00,"2026-01-27 18:06:00"
"Galletas Festival Chocolate","Snacks",7,836600.00,"2026-01-27 18:06:00"
"Chocolate Jet 50g","Snacks",5,836600.00,"2026-01-27 18:06:00"
"Chiclets Adams x3","Snacks",2,836600.00,"2026-01-27 18:06:00"
"Chocoramo","Snacks",4,836600.00,"2026-01-27 18:06:00"
"Aceite Girasol 1L","Basicos hogar",12,836600.00,"2026-01-27 18:06:00"
"Azucar Manuelita 1Kg","Basicos hogar",8,836600.00,"2026-01-27 18:06:00"
"Sal Refisal 1Kg","Basicos hogar",1,836600.00,"2026-01-27 18:06:00"
"Cafe Sello Rojo 250g","Basicos hogar",11,836600.00,"2026-01-27 18:06:00"
"Panela redonda 500g","Basicos hogar",5,836600.00,"2026-01-27 18:06:00"
"Huevos x30 unidades","Basicos hogar",7,836600.00,"2026-01-27 18:06:00"
"Arroz Diana 1Kg","Granos y cereales",10,731100.00,"2026-01-26 14:53:00"
"Arroz Roa 5Kg","Granos y cereales",6,731100.00,"2026-01-26 14:53:00"
"Lentejas 500g","Granos y cereales",6,731100.00,"2026-01-26 14:53:00"
"Pasta Doria Espagueti 250g","Granos y cereales",4,731100.00,"2026-01-26 14:53:00"
"Harina de Trigo 1Kg","Granos y cereales",5,731100.00,"2026-01-26 14:53:00"
"Leche Colanta Deslactosada 1L","Lacteos",6,731100.00,"2026-01-26 14:53:00"
"Queso Campesino 500g","Lacteos",5,731100.00,"2026-01-26 14:53:00"
"Mantequilla 250g","Lacteos",5,731100.00,"2026-01-26 14:53:00"
"Coca-Cola 350ml","Bebidas",10,731100.00,"2026-01-26 14:53:00"
"Gaseosa Postobon Manzana 350ml","Bebidas",11,731100.00,"2026-01-26 14:53:00"
"Jugo Hit Naranja 1L","Bebidas",3,731100.00,"2026-01-26 14:53:00"
"Agua Cristal 600ml","Bebidas",9,731100.00,"2026-01-26 14:53:00"
"Cerveza Poker 330ml","Bebidas",9,731100.00,"2026-01-26 14:53:00"
"Papel Higienico Familia x4","Aseo",4,731100.00,"2026-01-26 14:53:00"
"Cepillo de Dientes Colgate","Aseo",2,731100.00,"2026-01-26 14:53:00"
"Sardina Isabel 170g","Enlatados",5,731100.00,"2026-01-26 14:53:00"
"Papas Margarita Natural 30g","Snacks",10,731100.00,"2026-01-26 14:53:00"
"Galletas Festival Chocolate","Snacks",5,731100.00,"2026-01-26 14:53:00"
"Chocolate Jet 50g","Snacks",2,731100.00,"2026-01-26 14:53:00"
"Chocoramo","Snacks",3,731100.00,"2026-01-26 14:53:00"
"Aceite Girasol 1L","Basicos hogar",10,731100.00,"2026-01-26 14:53:00"
"Azucar Manuelita 1Kg","Basicos hogar",9,731100.00,"2026-01-26 14:53:00"
"Cafe Sello Rojo 250g","Basicos hogar",6,731100.00,"2026-01-26 14:53:00"
"Huevos x30 unidades","Basicos hogar",3,731100.00,"2026-01-26 14:53:00"
"Agua Cristal 600ml","Bebidas",7,131100.00,"2026-01-26 01:47:00"
"Cerveza Poker 330ml","Bebidas",7,131100.00,"2026-01-26 01:47:00"
"Papel Higienico Familia x4","Aseo",5,131100.00,"2026-01-26 01:47:00"
"Atun Van Camps 160g","Enlatados",3,131100.00,"2026-01-26 01:47:00"
"Sardina Isabel 170g","Enlatados",4,131100.00,"2026-01-26 01:47:00"
"Frijoles enlatados Zenú 300g","Enlatados",1,131100.00,"2026-01-26 01:47:00"
"Papas Margarita Natural 30g","Snacks",14,131100.00,"2026-01-26 01:47:00"
"Leche Alqueria Entera 1L","Lacteos",8,213700.00,"2026-01-25 18:30:00"
"Leche Colanta Deslactosada 1L","Lacteos",7,213700.00,"2026-01-25 18:30:00"
"Yogurt Alpina 1L","Lacteos",10,213700.00,"2026-01-25 18:30:00"
"Mantequilla 250g","Lacteos",5,213700.00,"2026-01-25 18:30:00"
"Coca-Cola 350ml","Bebidas",12,213700.00,"2026-01-25 18:30:00"
"Gaseosa Postobon Manzana 350ml","Bebidas",12,213700.00,"2026-01-25 18:30:00"
"Jugo Hit Naranja 1L","Bebidas",3,213700.00,"2026-01-25 18:30:00"
"Arroz Diana 1Kg","Granos y cereales",14,393800.00,"2026-01-25 17:10:00"
"Arroz Roa 5Kg","Granos y cereales",9,393800.00,"2026-01-25 17:10:00"
"Lentejas 500g","Granos y cereales",9,393800.00,"2026-01-25 17:10:00"
"Frijol rojo 500g","Granos y cereales",16,393800.00,"2026-01-25 17:10:00"
"Avena Quaker 400g","Granos y cereales",5,393800.00,"2026-01-25 17:10:00"
"Pasta Doria Espagueti 250g","Granos y cereales",8,393800.00,"2026-01-25 17:10:00"
"Harina de Trigo 1Kg","Granos y cereales",1,393800.00,"2026-01-25 17:10:00"
"Galletas Festival Chocolate","Snacks",16,537900.00,"2026-01-25 15:37:00"
"Chocoramo","Snacks",10,537900.00,"2026-01-25 15:37:00"
"Aceite Girasol 1L","Basicos hogar",12,537900.00,"2026-01-25 15:37:00"
"Azucar Manuelita 1Kg","Basicos hogar",13,537900.00,"2026-01-25 15:37:00"
"Cafe Sello Rojo 250g","Basicos hogar",7,537900.00,"2026-01-25 15:37:00"
"Panela redonda 500g","Basicos hogar",7,537900.00,"2026-01-25 15:37:00"
"Huevos x30 unidades","Basicos hogar",16,537900.00,"2026-01-25 15:37:00"
"Arroz Diana 1Kg","Granos y cereales",5,1307300.00,"2026-01-25 01:02:00"
"Arroz Roa 5Kg","Granos y cereales",16,1307300.00,"2026-01-25 01:02:00"
"Lentejas 500g","Granos y cereales",4,1307300.00,"2026-01-25 01:02:00"
"Frijol rojo 500g","Granos y cereales",14,1307300.00,"2026-01-25 01:02:00"
"Pasta Doria Espagueti 250g","Granos y cereales",14,1307300.00,"2026-01-25 01:02:00"
"Leche Alqueria Entera 1L","Lacteos",8,1307300.00,"2026-01-25 01:02:00"
"Leche Colanta Deslactosada 1L","Lacteos",16,1307300.00,"2026-01-25 01:02:00"
"Yogurt Alpina 1L","Lacteos",12,1307300.00,"2026-01-25 01:02:00"
"Queso Campesino 500g","Lacteos",4,1307300.00,"2026-01-25 01:02:00"
"Mantequilla 250g","Lacteos",5,1307300.00,"2026-01-25 01:02:00"
"Coca-Cola 350ml","Bebidas",13,1307300.00,"2026-01-25 01:02:00"
"Gaseosa Postobon Manzana 350ml","Bebidas",8,1307300.00,"2026-01-25 01:02:00"
"Agua Cristal 600ml","Bebidas",8,1307300.00,"2026-01-25 01:02:00"
"Cerveza Poker 330ml","Bebidas",13,1307300.00,"2026-01-25 01:02:00"
"Papel Higienico Familia x4","Aseo",1,1307300.00,"2026-01-25 01:02:00"
"Cloro Blancox 500ml","Aseo",1,1307300.00,"2026-01-25 01:02:00"
"Cepillo de Dientes Colgate","Aseo",3,1307300.00,"2026-01-25 01:02:00"
"Atun Van Camps 160g","Enlatados",1,1307300.00,"2026-01-25 01:02:00"
"Sardina Isabel 170g","Enlatados",1,1307300.00,"2026-01-25 01:02:00"
"Frijoles enlatados Zenú 300g","Enlatados",5,1307300.00,"2026-01-25 01:02:00"
"Salchicha Ranchera x5","Enlatados",7,1307300.00,"2026-01-25 01:02:00"
"Papas Margarita Natural 30g","Snacks",16,1307300.00,"2026-01-25 01:02:00"
"Galletas Festival Chocolate","Snacks",12,1307300.00,"2026-01-25 01:02:00"
"Chocolate Jet 50g","Snacks",3,1307300.00,"2026-01-25 01:02:00"
"Chiclets Adams x3","Snacks",3,1307300.00,"2026-01-25 01:02:00"
"Chocoramo","Snacks",7,1307300.00,"2026-01-25 01:02:00"
"Aceite Girasol 1L","Basicos hogar",8,1307300.00,"2026-01-25 01:02:00"
"Azucar Manuelita 1Kg","Basicos hogar",12,1307300.00,"2026-01-25 01:02:00"
"Sal Refisal 1Kg","Basicos hogar",3,1307300.00,"2026-01-25 01:02:00"
"Cafe Sello Rojo 250g","Basicos hogar",12,1307300.00,"2026-01-25 01:02:00"
"Panela redonda 500g","Basicos hogar",4,1307300.00,"2026-01-25 01:02:00"
"Huevos x30 unidades","Basicos hogar",8,1307300.00,"2026-01-25 01:02:00"
"Arroz Diana 1Kg","Granos y cereales",3,951900.00,"2026-01-24 00:33:00"
"Arroz Roa 5Kg","Granos y cereales",6,951900.00,"2026-01-24 00:33:00"
"Lentejas 500g","Granos y cereales",8,951900.00,"2026-01-24 00:33:00"
"Frijol rojo 500g","Granos y cereales",5,951900.00,"2026-01-24 00:33:00"
"Avena Quaker 400g","Granos y cereales",3,951900.00,"2026-01-24 00:33:00"
"Pasta Doria Espagueti 250g","Granos y cereales",11,951900.00,"2026-01-24 00:33:00"
"Harina de Trigo 1Kg","Granos y cereales",4,951900.00,"2026-01-24 00:33:00"
"Leche Alqueria Entera 1L","Lacteos",3,951900.00,"2026-01-24 00:33:00"
"Leche Colanta Deslactosada 1L","Lacteos",12,951900.00,"2026-01-24 00:33:00"
"Yogurt Alpina 1L","Lacteos",8,951900.00,"2026-01-24 00:33:00"
"Queso Campesino 500g","Lacteos",3,951900.00,"2026-01-24 00:33:00"
"Coca-Cola 350ml","Bebidas",6,951900.00,"2026-01-24 00:33:00"
"Gaseosa Postobon Manzana 350ml","Bebidas",12,951900.00,"2026-01-24 00:33:00"
"Agua Cristal 600ml","Bebidas",7,951900.00,"2026-01-24 00:33:00"
"Cerveza Poker 330ml","Bebidas",9,951900.00,"2026-01-24 00:33:00"
"Papel Higienico Familia x4","Aseo",3,951900.00,"2026-01-24 00:33:00"
"Atun Van Camps 160g","Enlatados",4,951900.00,"2026-01-24 00:33:00"
"Sardina Isabel 170g","Enlatados",4,951900.00,"2026-01-24 00:33:00"
"Salchicha Ranchera x5","Enlatados",5,951900.00,"2026-01-24 00:33:00"
"Papas Margarita Natural 30g","Snacks",3,951900.00,"2026-01-24 00:33:00"
"Galletas Festival Chocolate","Snacks",4,951900.00,"2026-01-24 00:33:00"
"Chocolate Jet 50g","Snacks",3,951900.00,"2026-01-24 00:33:00"
"Chocoramo","Snacks",12,951900.00,"2026-01-24 00:33:00"
"Aceite Girasol 1L","Basicos hogar",12,951900.00,"2026-01-24 00:33:00"
"Azucar Manuelita 1Kg","Basicos hogar",11,951900.00,"2026-01-24 00:33:00"
"Panela redonda 500g","Basicos hogar",2,951900.00,"2026-01-24 00:33:00"
"Huevos x30 unidades","Basicos hogar",12,951900.00,"2026-01-24 00:33:00"
"Arroz Diana 1Kg","Granos y cereales",8,760000.00,"2026-01-22 15:34:00"
"Arroz Roa 5Kg","Granos y cereales",10,760000.00,"2026-01-22 15:34:00"
"Lentejas 500g","Granos y cereales",9,760000.00,"2026-01-22 15:34:00"
"Frijol rojo 500g","Granos y cereales",8,760000.00,"2026-01-22 15:34:00"
"Avena Quaker 400g","Granos y cereales",5,760000.00,"2026-01-22 15:34:00"
"Pasta Doria Espagueti 250g","Granos y cereales",5,760000.00,"2026-01-22 15:34:00"
"Leche Alqueria Entera 1L","Lacteos",8,760000.00,"2026-01-22 15:34:00"
"Leche Colanta Deslactosada 1L","Lacteos",9,760000.00,"2026-01-22 15:34:00"
"Yogurt Alpina 1L","Lacteos",4,760000.00,"2026-01-22 15:34:00"
"Coca-Cola 350ml","Bebidas",6,760000.00,"2026-01-22 15:34:00"
"Gaseosa Postobon Manzana 350ml","Bebidas",4,760000.00,"2026-01-22 15:34:00"
"Agua Cristal 600ml","Bebidas",4,760000.00,"2026-01-22 15:34:00"
"Cerveza Poker 330ml","Bebidas",6,760000.00,"2026-01-22 15:34:00"
"Sardina Isabel 170g","Enlatados",1,760000.00,"2026-01-22 15:34:00"
"Frijoles enlatados Zenú 300g","Enlatados",4,760000.00,"2026-01-22 15:34:00"
"Maiz tierno Zenú 300g","Enlatados",1,760000.00,"2026-01-22 15:34:00"
"Papas Margarita Natural 30g","Snacks",5,760000.00,"2026-01-22 15:34:00"
"Galletas Festival Chocolate","Snacks",7,760000.00,"2026-01-22 15:34:00"
"Chocoramo","Snacks",10,760000.00,"2026-01-22 15:34:00"
"Aceite Girasol 1L","Basicos hogar",8,760000.00,"2026-01-22 15:34:00"
"Azucar Manuelita 1Kg","Basicos hogar",11,760000.00,"2026-01-22 15:34:00"
"Cafe Sello Rojo 250g","Basicos hogar",5,760000.00,"2026-01-22 15:34:00"
"Huevos x30 unidades","Basicos hogar",3,760000.00,"2026-01-22 15:34:00"
"Arroz Diana 1Kg","Granos y cereales",9,716300.00,"2026-01-21 20:49:00"
"Arroz Roa 5Kg","Granos y cereales",12,716300.00,"2026-01-21 20:49:00"
"Lentejas 500g","Granos y cereales",3,716300.00,"2026-01-21 20:49:00"
"Avena Quaker 400g","Granos y cereales",1,716300.00,"2026-01-21 20:49:00"
"Pasta Doria Espagueti 250g","Granos y cereales",7,716300.00,"2026-01-21 20:49:00"
"Harina de Trigo 1Kg","Granos y cereales",1,716300.00,"2026-01-21 20:49:00"
"Leche Alqueria Entera 1L","Lacteos",7,716300.00,"2026-01-21 20:49:00"
"Leche Colanta Deslactosada 1L","Lacteos",6,716300.00,"2026-01-21 20:49:00"
"Yogurt Alpina 1L","Lacteos",4,716300.00,"2026-01-21 20:49:00"
"Queso Campesino 500g","Lacteos",5,716300.00,"2026-01-21 20:49:00"
"Coca-Cola 350ml","Bebidas",6,716300.00,"2026-01-21 20:49:00"
"Gaseosa Postobon Manzana 350ml","Bebidas",7,716300.00,"2026-01-21 20:49:00"
"Agua Cristal 600ml","Bebidas",5,716300.00,"2026-01-21 20:49:00"
"Cerveza Poker 330ml","Bebidas",5,716300.00,"2026-01-21 20:49:00"
"Papel Higienico Familia x4","Aseo",2,716300.00,"2026-01-21 20:49:00"
"Sardina Isabel 170g","Enlatados",2,716300.00,"2026-01-21 20:49:00"
"Papas Margarita Natural 30g","Snacks",9,716300.00,"2026-01-21 20:49:00"
"Galletas Festival Chocolate","Snacks",11,716300.00,"2026-01-21 20:49:00"
"Chocolate Jet 50g","Snacks",2,716300.00,"2026-01-21 20:49:00"
"Chocoramo","Snacks",9,716300.00,"2026-01-21 20:49:00"
"Azucar Manuelita 1Kg","Basicos hogar",7,716300.00,"2026-01-21 20:49:00"
"Cafe Sello Rojo 250g","Basicos hogar",5,716300.00,"2026-01-21 20:49:00"
"Huevos x30 unidades","Basicos hogar",5,716300.00,"2026-01-21 20:49:00"
"Chocoramo","Snacks",7,393000.00,"2026-01-21 01:47:00"
"Aceite Girasol 1L","Basicos hogar",12,393000.00,"2026-01-21 01:47:00"
"Azucar Manuelita 1Kg","Basicos hogar",10,393000.00,"2026-01-21 01:47:00"
"Cafe Sello Rojo 250g","Basicos hogar",12,393000.00,"2026-01-21 01:47:00"
"Huevos x30 unidades","Basicos hogar",8,393000.00,"2026-01-21 01:47:00"
"Arroz Diana 1Kg","Granos y cereales",9,390100.00,"2026-01-20 23:00:00"
"Arroz Roa 5Kg","Granos y cereales",10,390100.00,"2026-01-20 23:00:00"
"Lentejas 500g","Granos y cereales",9,390100.00,"2026-01-20 23:00:00"
"Frijol rojo 500g","Granos y cereales",7,390100.00,"2026-01-20 23:00:00"
"Avena Quaker 400g","Granos y cereales",5,390100.00,"2026-01-20 23:00:00"
"Pasta Doria Espagueti 250g","Granos y cereales",9,390100.00,"2026-01-20 23:00:00"
"Leche Alqueria Entera 1L","Lacteos",9,390100.00,"2026-01-20 23:00:00"
"Leche Colanta Deslactosada 1L","Lacteos",9,196600.00,"2026-01-20 14:56:00"
"Yogurt Alpina 1L","Lacteos",12,196600.00,"2026-01-20 14:56:00"
"Queso Campesino 500g","Lacteos",2,196600.00,"2026-01-20 14:56:00"
"Mantequilla 250g","Lacteos",1,196600.00,"2026-01-20 14:56:00"
"Gaseosa Postobon Manzana 350ml","Bebidas",11,196600.00,"2026-01-20 14:56:00"
"Agua Cristal 600ml","Bebidas",10,196600.00,"2026-01-20 14:56:00"
"Cerveza Poker 330ml","Bebidas",8,196600.00,"2026-01-20 14:56:00"
"Papel Higienico Familia x4","Aseo",3,90400.00,"2026-01-20 12:48:00"
"Atun Van Camps 160g","Enlatados",5,90400.00,"2026-01-20 12:48:00"
"Sardina Isabel 170g","Enlatados",3,90400.00,"2026-01-20 12:48:00"
"Frijoles enlatados Zenú 300g","Enlatados",1,90400.00,"2026-01-20 12:48:00"
"Salchicha Ranchera x5","Enlatados",2,90400.00,"2026-01-20 12:48:00"
"Papas Margarita Natural 30g","Snacks",5,90400.00,"2026-01-20 12:48:00"
"Galletas Festival Chocolate","Snacks",4,90400.00,"2026-01-20 12:48:00"
"Aceite Girasol 1L","Basicos hogar",6,265600.00,"2026-01-20 00:25:00"
"Azucar Manuelita 1Kg","Basicos hogar",4,265600.00,"2026-01-20 00:25:00"
"Sal Refisal 1Kg","Basicos hogar",1,265600.00,"2026-01-20 00:25:00"
"Cafe Sello Rojo 250g","Basicos hogar",10,265600.00,"2026-01-20 00:25:00"
"Huevos x30 unidades","Basicos hogar",7,265600.00,"2026-01-20 00:25:00"
"Cerveza Poker 330ml","Bebidas",11,104700.00,"2026-01-20 00:18:00"
"Frijoles enlatados Zenú 300g","Enlatados",3,104700.00,"2026-01-20 00:18:00"
"Salchicha Ranchera x5","Enlatados",2,104700.00,"2026-01-20 00:18:00"
"Papas Margarita Natural 30g","Snacks",9,104700.00,"2026-01-20 00:18:00"
"Galletas Festival Chocolate","Snacks",6,104700.00,"2026-01-20 00:18:00"
"Chiclets Adams x3","Snacks",1,104700.00,"2026-01-20 00:18:00"
"Chocoramo","Snacks",10,104700.00,"2026-01-20 00:18:00"
"Yogurt Alpina 1L","Lacteos",7,127100.00,"2026-01-19 18:46:00"
"Queso Campesino 500g","Lacteos",4,127100.00,"2026-01-19 18:46:00"
"Mantequilla 250g","Lacteos",2,127100.00,"2026-01-19 18:46:00"
"Coca-Cola 350ml","Bebidas",4,127100.00,"2026-01-19 18:46:00"
"Gaseosa Postobon Manzana 350ml","Bebidas",3,127100.00,"2026-01-19 18:46:00"
"Jugo Hit Naranja 1L","Bebidas",4,127100.00,"2026-01-19 18:46:00"
"Agua Cristal 600ml","Bebidas",9,127100.00,"2026-01-19 18:46:00"
"Arroz Diana 1Kg","Granos y cereales",4,295500.00,"2026-01-19 13:07:00"
"Arroz Roa 5Kg","Granos y cereales",8,295500.00,"2026-01-19 13:07:00"
"Lentejas 500g","Granos y cereales",11,295500.00,"2026-01-19 13:07:00"
"Frijol rojo 500g","Granos y cereales",4,295500.00,"2026-01-19 13:07:00"
"Harina de Trigo 1Kg","Granos y cereales",1,295500.00,"2026-01-19 13:07:00"
"Leche Alqueria Entera 1L","Lacteos",5,295500.00,"2026-01-19 13:07:00"
"Leche Colanta Deslactosada 1L","Lacteos",8,295500.00,"2026-01-19 13:07:00"
"Cerveza Poker 330ml","Bebidas",9,754900.00,"2026-01-18 18:08:00"
"Aguardiante Antioqueno 375ml","Bebidas",3,754900.00,"2026-01-18 18:08:00"
"Papel Higienico Familia x4","Aseo",3,754900.00,"2026-01-18 18:08:00"
"Cepillo de Dientes Colgate","Aseo",1,754900.00,"2026-01-18 18:08:00"
"Atun Van Camps 160g","Enlatados",5,754900.00,"2026-01-18 18:08:00"
"Sardina Isabel 170g","Enlatados",5,754900.00,"2026-01-18 18:08:00"
"Maiz tierno Zenú 300g","Enlatados",1,754900.00,"2026-01-18 18:08:00"
"Salchicha Ranchera x5","Enlatados",5,754900.00,"2026-01-18 18:08:00"
"Papas Margarita Natural 30g","Snacks",13,754900.00,"2026-01-18 18:08:00"
"Galletas Festival Chocolate","Snacks",8,754900.00,"2026-01-18 18:08:00"
"Chiclets Adams x3","Snacks",3,754900.00,"2026-01-18 18:08:00"
"Chocoramo","Snacks",8,754900.00,"2026-01-18 18:08:00"
"Aceite Girasol 1L","Basicos hogar",10,754900.00,"2026-01-18 18:08:00"
"Azucar Manuelita 1Kg","Basicos hogar",16,754900.00,"2026-01-18 18:08:00"
"Cafe Sello Rojo 250g","Basicos hogar",12,754900.00,"2026-01-18 18:08:00"
"Huevos x30 unidades","Basicos hogar",16,754900.00,"2026-01-18 18:08:00"
"Arroz Diana 1Kg","Granos y cereales",7,803000.00,"2026-01-18 17:51:00"
"Arroz Roa 5Kg","Granos y cereales",16,803000.00,"2026-01-18 17:51:00"
"Lentejas 500g","Granos y cereales",14,803000.00,"2026-01-18 17:51:00"
"Frijol rojo 500g","Granos y cereales",14,803000.00,"2026-01-18 17:51:00"
"Avena Quaker 400g","Granos y cereales",7,803000.00,"2026-01-18 17:51:00"
"Pasta Doria Espagueti 250g","Granos y cereales",8,803000.00,"2026-01-18 17:51:00"
"Harina de Trigo 1Kg","Granos y cereales",1,803000.00,"2026-01-18 17:51:00"
"Leche Alqueria Entera 1L","Lacteos",13,803000.00,"2026-01-18 17:51:00"
"Leche Colanta Deslactosada 1L","Lacteos",4,803000.00,"2026-01-18 17:51:00"
"Yogurt Alpina 1L","Lacteos",14,803000.00,"2026-01-18 17:51:00"
"Queso Campesino 500g","Lacteos",3,803000.00,"2026-01-18 17:51:00"
"Mantequilla 250g","Lacteos",4,803000.00,"2026-01-18 17:51:00"
"Coca-Cola 350ml","Bebidas",10,803000.00,"2026-01-18 17:51:00"
"Gaseosa Postobon Manzana 350ml","Bebidas",13,803000.00,"2026-01-18 17:51:00"
"Jugo Hit Naranja 1L","Bebidas",4,803000.00,"2026-01-18 17:51:00"
"Agua Cristal 600ml","Bebidas",12,803000.00,"2026-01-18 17:51:00"
"Arroz Diana 1Kg","Granos y cereales",7,546300.00,"2026-01-17 14:53:00"
"Arroz Roa 5Kg","Granos y cereales",5,546300.00,"2026-01-17 14:53:00"
"Lentejas 500g","Granos y cereales",7,546300.00,"2026-01-17 14:53:00"
"Frijol rojo 500g","Granos y cereales",16,546300.00,"2026-01-17 14:53:00"
"Avena Quaker 400g","Granos y cereales",5,546300.00,"2026-01-17 14:53:00"
"Pasta Doria Espagueti 250g","Granos y cereales",14,546300.00,"2026-01-17 14:53:00"
"Harina de Trigo 1Kg","Granos y cereales",5,546300.00,"2026-01-17 14:53:00"
"Leche Alqueria Entera 1L","Lacteos",7,546300.00,"2026-01-17 14:53:00"
"Leche Colanta Deslactosada 1L","Lacteos",4,546300.00,"2026-01-17 14:53:00"
"Yogurt Alpina 1L","Lacteos",14,546300.00,"2026-01-17 14:53:00"
"Queso Campesino 500g","Lacteos",1,546300.00,"2026-01-17 14:53:00"
"Mantequilla 250g","Lacteos",5,546300.00,"2026-01-17 14:53:00"
"Coca-Cola 350ml","Bebidas",10,546300.00,"2026-01-17 14:53:00"
"Gaseosa Postobon Manzana 350ml","Bebidas",14,546300.00,"2026-01-17 14:53:00"
"Jugo Hit Naranja 1L","Bebidas",5,546300.00,"2026-01-17 14:53:00"
"Agua Cristal 600ml","Bebidas",4,546300.00,"2026-01-17 14:53:00"
"Cerveza Poker 330ml","Bebidas",7,577000.00,"2026-01-17 13:47:00"
"Detergente Fab 1Kg","Aseo",1,577000.00,"2026-01-17 13:47:00"
"Papel Higienico Familia x4","Aseo",7,577000.00,"2026-01-17 13:47:00"
"Cloro Blancox 500ml","Aseo",1,577000.00,"2026-01-17 13:47:00"
"Atun Van Camps 160g","Enlatados",4,577000.00,"2026-01-17 13:47:00"
"Sardina Isabel 170g","Enlatados",7,577000.00,"2026-01-17 13:47:00"
"Frijoles enlatados Zenú 300g","Enlatados",4,577000.00,"2026-01-17 13:47:00"
"Salchicha Ranchera x5","Enlatados",7,577000.00,"2026-01-17 13:47:00"
"Papas Margarita Natural 30g","Snacks",10,577000.00,"2026-01-17 13:47:00"
"Galletas Festival Chocolate","Snacks",7,577000.00,"2026-01-17 13:47:00"
"Chocolate Jet 50g","Snacks",5,577000.00,"2026-01-17 13:47:00"
"Chocoramo","Snacks",16,577000.00,"2026-01-17 13:47:00"
"Aceite Girasol 1L","Basicos hogar",7,577000.00,"2026-01-17 13:47:00"
"Azucar Manuelita 1Kg","Basicos hogar",13,577000.00,"2026-01-17 13:47:00"
"Cafe Sello Rojo 250g","Basicos hogar",7,577000.00,"2026-01-17 13:47:00"
"Huevos x30 unidades","Basicos hogar",9,577000.00,"2026-01-17 13:47:00"
"Arroz Diana 1Kg","Granos y cereales",15,758400.00,"2026-01-16 23:04:00"
"Arroz Roa 5Kg","Granos y cereales",17,758400.00,"2026-01-16 23:04:00"
"Lentejas 500g","Granos y cereales",4,758400.00,"2026-01-16 23:04:00"
"Frijol rojo 500g","Granos y cereales",4,758400.00,"2026-01-16 23:04:00"
"Avena Quaker 400g","Granos y cereales",1,758400.00,"2026-01-16 23:04:00"
"Pasta Doria Espagueti 250g","Granos y cereales",13,758400.00,"2026-01-16 23:04:00"
"Harina de Trigo 1Kg","Granos y cereales",6,758400.00,"2026-01-16 23:04:00"
"Leche Alqueria Entera 1L","Lacteos",6,758400.00,"2026-01-16 23:04:00"
"Leche Colanta Deslactosada 1L","Lacteos",14,758400.00,"2026-01-16 23:04:00"
"Yogurt Alpina 1L","Lacteos",17,758400.00,"2026-01-16 23:04:00"
"Queso Campesino 500g","Lacteos",3,758400.00,"2026-01-16 23:04:00"
"Coca-Cola 350ml","Bebidas",7,758400.00,"2026-01-16 23:04:00"
"Gaseosa Postobon Manzana 350ml","Bebidas",4,758400.00,"2026-01-16 23:04:00"
"Jugo Hit Naranja 1L","Bebidas",1,758400.00,"2026-01-16 23:04:00"
"Agua Cristal 600ml","Bebidas",15,758400.00,"2026-01-16 23:04:00"
"Cerveza Poker 330ml","Bebidas",7,764300.00,"2026-01-16 19:04:00"
"Papel Higienico Familia x4","Aseo",7,764300.00,"2026-01-16 19:04:00"
"Atun Van Camps 160g","Enlatados",7,764300.00,"2026-01-16 19:04:00"
"Sardina Isabel 170g","Enlatados",1,764300.00,"2026-01-16 19:04:00"
"Frijoles enlatados Zenú 300g","Enlatados",6,764300.00,"2026-01-16 19:04:00"
"Salchicha Ranchera x5","Enlatados",7,764300.00,"2026-01-16 19:04:00"
"Papas Margarita Natural 30g","Snacks",14,764300.00,"2026-01-16 19:04:00"
"Galletas Festival Chocolate","Snacks",8,764300.00,"2026-01-16 19:04:00"
"Chocolate Jet 50g","Snacks",6,764300.00,"2026-01-16 19:04:00"
"Chocoramo","Snacks",15,764300.00,"2026-01-16 19:04:00"
"Aceite Girasol 1L","Basicos hogar",14,764300.00,"2026-01-16 19:04:00"
"Azucar Manuelita 1Kg","Basicos hogar",10,764300.00,"2026-01-16 19:04:00"
"Cafe Sello Rojo 250g","Basicos hogar",14,764300.00,"2026-01-16 19:04:00"
"Panela redonda 500g","Basicos hogar",1,764300.00,"2026-01-16 19:04:00"
"Huevos x30 unidades","Basicos hogar",14,764300.00,"2026-01-16 19:04:00"
"Yogurt Alpina 1L","Lacteos",17,316100.00,"2026-01-16 01:26:00"
"Queso Campesino 500g","Lacteos",6,316100.00,"2026-01-16 01:26:00"
"Mantequilla 250g","Lacteos",6,316100.00,"2026-01-16 01:26:00"
"Coca-Cola 350ml","Bebidas",14,316100.00,"2026-01-16 01:26:00"
"Gaseosa Postobon Manzana 350ml","Bebidas",17,316100.00,"2026-01-16 01:26:00"
"Jugo Hit Naranja 1L","Bebidas",4,316100.00,"2026-01-16 01:26:00"
"Agua Cristal 600ml","Bebidas",7,316100.00,"2026-01-16 01:26:00"
"Cerveza Poker 330ml","Bebidas",14,316100.00,"2026-01-16 01:26:00"
"Detergente Fab 1Kg","Aseo",1,162000.00,"2026-01-15 22:18:00"
"Papel Higienico Familia x4","Aseo",7,162000.00,"2026-01-15 22:18:00"
"Cepillo de Dientes Colgate","Aseo",3,162000.00,"2026-01-15 22:18:00"
"Frijoles enlatados Zenú 300g","Enlatados",7,162000.00,"2026-01-15 22:18:00"
"Salchicha Ranchera x5","Enlatados",6,162000.00,"2026-01-15 22:18:00"
"Papas Margarita Natural 30g","Snacks",11,162000.00,"2026-01-15 22:18:00"
"Galletas Festival Chocolate","Snacks",8,162000.00,"2026-01-15 22:18:00"
"Chocolate Jet 50g","Snacks",3,162000.00,"2026-01-15 22:18:00"
"Arroz Diana 1Kg","Granos y cereales",15,416100.00,"2026-01-15 20:03:00"
"Arroz Roa 5Kg","Granos y cereales",7,416100.00,"2026-01-15 20:03:00"
"Lentejas 500g","Granos y cereales",14,416100.00,"2026-01-15 20:03:00"
"Frijol rojo 500g","Granos y cereales",11,416100.00,"2026-01-15 20:03:00"
"Pasta Doria Espagueti 250g","Granos y cereales",8,416100.00,"2026-01-15 20:03:00"
"Harina de Trigo 1Kg","Granos y cereales",3,416100.00,"2026-01-15 20:03:00"
"Leche Alqueria Entera 1L","Lacteos",11,416100.00,"2026-01-15 20:03:00"
"Leche Colanta Deslactosada 1L","Lacteos",7,416100.00,"2026-01-15 20:03:00"
"Chiclets Adams x3","Snacks",1,287800.00,"2026-01-15 16:14:00"
"Chocoramo","Snacks",10,287800.00,"2026-01-15 16:14:00"
"Aceite Girasol 1L","Basicos hogar",6,287800.00,"2026-01-15 16:14:00"
"Azucar Manuelita 1Kg","Basicos hogar",4,287800.00,"2026-01-15 16:14:00"
"Cafe Sello Rojo 250g","Basicos hogar",4,287800.00,"2026-01-15 16:14:00"
"Huevos x30 unidades","Basicos hogar",10,287800.00,"2026-01-15 16:14:00"
"Atun Van Camps 160g","Enlatados",2,296800.00,"2026-01-14 18:52:00"
"Sardina Isabel 170g","Enlatados",2,296800.00,"2026-01-14 18:52:00"
"Papas Margarita Natural 30g","Snacks",9,296800.00,"2026-01-14 18:52:00"
"Galletas Festival Chocolate","Snacks",3,296800.00,"2026-01-14 18:52:00"
"Chocolate Jet 50g","Snacks",5,296800.00,"2026-01-14 18:52:00"
"Chocoramo","Snacks",7,296800.00,"2026-01-14 18:52:00"
"Aceite Girasol 1L","Basicos hogar",6,296800.00,"2026-01-14 18:52:00"
"Azucar Manuelita 1Kg","Basicos hogar",5,296800.00,"2026-01-14 18:52:00"
"Cafe Sello Rojo 250g","Basicos hogar",6,296800.00,"2026-01-14 18:52:00"
"Panela redonda 500g","Basicos hogar",4,296800.00,"2026-01-14 18:52:00"
"Huevos x30 unidades","Basicos hogar",6,296800.00,"2026-01-14 18:52:00"
"Arroz Diana 1Kg","Granos y cereales",10,418600.00,"2026-01-14 17:07:00"
"Arroz Roa 5Kg","Granos y cereales",8,418600.00,"2026-01-14 17:07:00"
"Frijol rojo 500g","Granos y cereales",7,418600.00,"2026-01-14 17:07:00"
"Pasta Doria Espagueti 250g","Granos y cereales",11,418600.00,"2026-01-14 17:07:00"
"Harina de Trigo 1Kg","Granos y cereales",4,418600.00,"2026-01-14 17:07:00"
"Leche Alqueria Entera 1L","Lacteos",12,418600.00,"2026-01-14 17:07:00"
"Yogurt Alpina 1L","Lacteos",9,418600.00,"2026-01-14 17:07:00"
"Mantequilla 250g","Lacteos",1,418600.00,"2026-01-14 17:07:00"
"Coca-Cola 350ml","Bebidas",6,418600.00,"2026-01-14 17:07:00"
"Gaseosa Postobon Manzana 350ml","Bebidas",3,418600.00,"2026-01-14 17:07:00"
"Agua Cristal 600ml","Bebidas",5,418600.00,"2026-01-14 17:07:00"
"Cerveza Poker 330ml","Bebidas",3,418600.00,"2026-01-14 17:07:00"
"Arroz Diana 1Kg","Granos y cereales",11,574000.00,"2026-01-13 19:30:00"
"Arroz Roa 5Kg","Granos y cereales",4,574000.00,"2026-01-13 19:30:00"
"Lentejas 500g","Granos y cereales",11,574000.00,"2026-01-13 19:30:00"
"Frijol rojo 500g","Granos y cereales",9,574000.00,"2026-01-13 19:30:00"
"Avena Quaker 400g","Granos y cereales",1,574000.00,"2026-01-13 19:30:00"
"Pasta Doria Espagueti 250g","Granos y cereales",4,574000.00,"2026-01-13 19:30:00"
"Leche Alqueria Entera 1L","Lacteos",7,574000.00,"2026-01-13 19:30:00"
"Leche Colanta Deslactosada 1L","Lacteos",9,574000.00,"2026-01-13 19:30:00"
"Yogurt Alpina 1L","Lacteos",5,574000.00,"2026-01-13 19:30:00"
"Queso Campesino 500g","Lacteos",2,574000.00,"2026-01-13 19:30:00"
"Coca-Cola 350ml","Bebidas",12,574000.00,"2026-01-13 19:30:00"
"Gaseosa Postobon Manzana 350ml","Bebidas",11,574000.00,"2026-01-13 19:30:00"
"Agua Cristal 600ml","Bebidas",4,574000.00,"2026-01-13 19:30:00"
"Cerveza Poker 330ml","Bebidas",10,574000.00,"2026-01-13 19:30:00"
"Cepillo de Dientes Colgate","Aseo",1,574000.00,"2026-01-13 19:30:00"
"Atun Van Camps 160g","Enlatados",2,574000.00,"2026-01-13 19:30:00"
"Sardina Isabel 170g","Enlatados",1,574000.00,"2026-01-13 19:30:00"
"Frijoles enlatados Zenú 300g","Enlatados",1,574000.00,"2026-01-13 19:30:00"
"Salchicha Ranchera x5","Enlatados",1,574000.00,"2026-01-13 19:30:00"
"Papas Margarita Natural 30g","Snacks",3,574000.00,"2026-01-13 19:30:00"
"Galletas Festival Chocolate","Snacks",11,574000.00,"2026-01-13 19:30:00"
"Chocoramo","Snacks",12,574000.00,"2026-01-13 19:30:00"
"Azucar Manuelita 1Kg","Basicos hogar",8,574000.00,"2026-01-13 19:30:00"
"Cafe Sello Rojo 250g","Basicos hogar",4,574000.00,"2026-01-13 19:30:00"
"Arroz Roa 5Kg","Granos y cereales",8,432900.00,"2026-01-13 01:43:00"
"Lentejas 500g","Granos y cereales",5,432900.00,"2026-01-13 01:43:00"
"Frijol rojo 500g","Granos y cereales",10,432900.00,"2026-01-13 01:43:00"
"Pasta Doria Espagueti 250g","Granos y cereales",9,432900.00,"2026-01-13 01:43:00"
"Leche Alqueria Entera 1L","Lacteos",7,432900.00,"2026-01-13 01:43:00"
"Leche Colanta Deslactosada 1L","Lacteos",11,432900.00,"2026-01-13 01:43:00"
"Yogurt Alpina 1L","Lacteos",12,432900.00,"2026-01-13 01:43:00"
"Queso Campesino 500g","Lacteos",5,432900.00,"2026-01-13 01:43:00"
"Mantequilla 250g","Lacteos",4,121000.00,"2026-01-12 21:19:00"
"Gaseosa Postobon Manzana 350ml","Bebidas",4,121000.00,"2026-01-12 21:19:00"
"Agua Cristal 600ml","Bebidas",10,121000.00,"2026-01-12 21:19:00"
"Cerveza Poker 330ml","Bebidas",12,121000.00,"2026-01-12 21:19:00"
"Cloro Blancox 500ml","Aseo",2,121000.00,"2026-01-12 21:19:00"
"Sardina Isabel 170g","Enlatados",2,121000.00,"2026-01-12 21:19:00"
"Papas Margarita Natural 30g","Snacks",8,121000.00,"2026-01-12 21:19:00"
"Galletas Festival Chocolate","Snacks",8,121000.00,"2026-01-12 21:19:00"
"Chocolate Jet 50g","Snacks",3,275700.00,"2026-01-12 19:37:00"
"Chocoramo","Snacks",8,275700.00,"2026-01-12 19:37:00"
"Aceite Girasol 1L","Basicos hogar",7,275700.00,"2026-01-12 19:37:00"
"Azucar Manuelita 1Kg","Basicos hogar",3,275700.00,"2026-01-12 19:37:00"
"Cafe Sello Rojo 250g","Basicos hogar",12,275700.00,"2026-01-12 19:37:00"
"Huevos x30 unidades","Basicos hogar",5,275700.00,"2026-01-12 19:37:00"
"Arroz Diana 1Kg","Granos y cereales",16,1193000.00,"2026-01-11 16:52:00"
"Arroz Roa 5Kg","Granos y cereales",8,1193000.00,"2026-01-11 16:52:00"
"Lentejas 500g","Granos y cereales",5,1193000.00,"2026-01-11 16:52:00"
"Frijol rojo 500g","Granos y cereales",4,1193000.00,"2026-01-11 16:52:00"
"Avena Quaker 400g","Granos y cereales",4,1193000.00,"2026-01-11 16:52:00"
"Pasta Doria Espagueti 250g","Granos y cereales",7,1193000.00,"2026-01-11 16:52:00"
"Harina de Trigo 1Kg","Granos y cereales",1,1193000.00,"2026-01-11 16:52:00"
"Leche Alqueria Entera 1L","Lacteos",14,1193000.00,"2026-01-11 16:52:00"
"Leche Colanta Deslactosada 1L","Lacteos",16,1193000.00,"2026-01-11 16:52:00"
"Yogurt Alpina 1L","Lacteos",4,1193000.00,"2026-01-11 16:52:00"
"Queso Campesino 500g","Lacteos",4,1193000.00,"2026-01-11 16:52:00"
"Mantequilla 250g","Lacteos",4,1193000.00,"2026-01-11 16:52:00"
"Coca-Cola 350ml","Bebidas",16,1193000.00,"2026-01-11 16:52:00"
"Gaseosa Postobon Manzana 350ml","Bebidas",16,1193000.00,"2026-01-11 16:52:00"
"Jugo Hit Naranja 1L","Bebidas",5,1193000.00,"2026-01-11 16:52:00"
"Agua Cristal 600ml","Bebidas",10,1193000.00,"2026-01-11 16:52:00"
"Cerveza Poker 330ml","Bebidas",12,1193000.00,"2026-01-11 16:52:00"
"Jabon Rey 300g","Aseo",3,1193000.00,"2026-01-11 16:52:00"
"Cloro Blancox 500ml","Aseo",3,1193000.00,"2026-01-11 16:52:00"
"Cepillo de Dientes Colgate","Aseo",1,1193000.00,"2026-01-11 16:52:00"
"Atun Van Camps 160g","Enlatados",5,1193000.00,"2026-01-11 16:52:00"
"Sardina Isabel 170g","Enlatados",3,1193000.00,"2026-01-11 16:52:00"
"Frijoles enlatados Zenú 300g","Enlatados",7,1193000.00,"2026-01-11 16:52:00"
"Maiz tierno Zenú 300g","Enlatados",3,1193000.00,"2026-01-11 16:52:00"
"Salchicha Ranchera x5","Enlatados",1,1193000.00,"2026-01-11 16:52:00"
"Papas Margarita Natural 30g","Snacks",4,1193000.00,"2026-01-11 16:52:00"
"Galletas Festival Chocolate","Snacks",5,1193000.00,"2026-01-11 16:52:00"
"Chocolate Jet 50g","Snacks",5,1193000.00,"2026-01-11 16:52:00"
"Chocoramo","Snacks",14,1193000.00,"2026-01-11 16:52:00"
"Aceite Girasol 1L","Basicos hogar",13,1193000.00,"2026-01-11 16:52:00"
"Azucar Manuelita 1Kg","Basicos hogar",9,1193000.00,"2026-01-11 16:52:00"
"Cafe Sello Rojo 250g","Basicos hogar",8,1193000.00,"2026-01-11 16:52:00"
"Panela redonda 500g","Basicos hogar",7,1193000.00,"2026-01-11 16:52:00"
"Huevos x30 unidades","Basicos hogar",8,1193000.00,"2026-01-11 16:52:00"
"Agua Cristal 600ml","Bebidas",5,522400.00,"2026-01-10 15:21:00"
"Cerveza Poker 330ml","Bebidas",4,522400.00,"2026-01-10 15:21:00"
"Papel Higienico Familia x4","Aseo",7,522400.00,"2026-01-10 15:21:00"
"Sardina Isabel 170g","Enlatados",1,522400.00,"2026-01-10 15:21:00"
"Salchicha Ranchera x5","Enlatados",1,522400.00,"2026-01-10 15:21:00"
"Papas Margarita Natural 30g","Snacks",5,522400.00,"2026-01-10 15:21:00"
"Galletas Festival Chocolate","Snacks",16,522400.00,"2026-01-10 15:21:00"
"Chocolate Jet 50g","Snacks",3,522400.00,"2026-01-10 15:21:00"
"Chiclets Adams x3","Snacks",1,522400.00,"2026-01-10 15:21:00"
"Chocoramo","Snacks",8,522400.00,"2026-01-10 15:21:00"
"Aceite Girasol 1L","Basicos hogar",5,522400.00,"2026-01-10 15:21:00"
"Azucar Manuelita 1Kg","Basicos hogar",12,522400.00,"2026-01-10 15:21:00"
"Sal Refisal 1Kg","Basicos hogar",1,522400.00,"2026-01-10 15:21:00"
"Cafe Sello Rojo 250g","Basicos hogar",9,522400.00,"2026-01-10 15:21:00"
"Huevos x30 unidades","Basicos hogar",14,522400.00,"2026-01-10 15:21:00"
"Arroz Diana 1Kg","Granos y cereales",7,504100.00,"2026-01-10 15:04:00"
"Arroz Roa 5Kg","Granos y cereales",4,504100.00,"2026-01-10 15:04:00"
"Lentejas 500g","Granos y cereales",7,504100.00,"2026-01-10 15:04:00"
"Frijol rojo 500g","Granos y cereales",8,504100.00,"2026-01-10 15:04:00"
"Avena Quaker 400g","Granos y cereales",4,504100.00,"2026-01-10 15:04:00"
"Pasta Doria Espagueti 250g","Granos y cereales",14,504100.00,"2026-01-10 15:04:00"
"Harina de Trigo 1Kg","Granos y cereales",1,504100.00,"2026-01-10 15:04:00"
"Leche Alqueria Entera 1L","Lacteos",12,504100.00,"2026-01-10 15:04:00"
"Leche Colanta Deslactosada 1L","Lacteos",4,504100.00,"2026-01-10 15:04:00"
"Yogurt Alpina 1L","Lacteos",8,504100.00,"2026-01-10 15:04:00"
"Queso Campesino 500g","Lacteos",7,504100.00,"2026-01-10 15:04:00"
"Mantequilla 250g","Lacteos",3,504100.00,"2026-01-10 15:04:00"
"Coca-Cola 350ml","Bebidas",16,504100.00,"2026-01-10 15:04:00"
"Gaseosa Postobon Manzana 350ml","Bebidas",7,504100.00,"2026-01-10 15:04:00"
"Jugo Hit Naranja 1L","Bebidas",7,504100.00,"2026-01-10 15:04:00"
"Arroz Diana 1Kg","Granos y cereales",6,245300.00,"2026-01-10 00:18:00"
"Arroz Roa 5Kg","Granos y cereales",3,245300.00,"2026-01-10 00:18:00"
"Lentejas 500g","Granos y cereales",11,245300.00,"2026-01-10 00:18:00"
"Frijol rojo 500g","Granos y cereales",5,245300.00,"2026-01-10 00:18:00"
"Avena Quaker 400g","Granos y cereales",2,245300.00,"2026-01-10 00:18:00"
"Leche Colanta Deslactosada 1L","Lacteos",6,245300.00,"2026-01-10 00:18:00"
"Yogurt Alpina 1L","Lacteos",4,245300.00,"2026-01-10 00:18:00"
"Queso Campesino 500g","Lacteos",2,245300.00,"2026-01-10 00:18:00"
"Mantequilla 250g","Lacteos",4,245300.00,"2026-01-10 00:18:00"
"Galletas Festival Chocolate","Snacks",7,336100.00,"2026-01-09 21:01:00"
"Chocolate Jet 50g","Snacks",5,336100.00,"2026-01-09 21:01:00"
"Chocoramo","Snacks",10,336100.00,"2026-01-09 21:01:00"
"Aceite Girasol 1L","Basicos hogar",9,336100.00,"2026-01-09 21:01:00"
"Azucar Manuelita 1Kg","Basicos hogar",7,336100.00,"2026-01-09 21:01:00"
"Cafe Sello Rojo 250g","Basicos hogar",11,336100.00,"2026-01-09 21:01:00"
"Huevos x30 unidades","Basicos hogar",6,336100.00,"2026-01-09 21:01:00"
"Coca-Cola 350ml","Bebidas",5,139700.00,"2026-01-09 13:53:00"
"Gaseosa Postobon Manzana 350ml","Bebidas",4,139700.00,"2026-01-09 13:53:00"
"Jugo Hit Naranja 1L","Bebidas",3,139700.00,"2026-01-09 13:53:00"
"Agua Cristal 600ml","Bebidas",8,139700.00,"2026-01-09 13:53:00"
"Cerveza Poker 330ml","Bebidas",11,139700.00,"2026-01-09 13:53:00"
"Cloro Blancox 500ml","Aseo",2,139700.00,"2026-01-09 13:53:00"
"Frijoles enlatados Zenú 300g","Enlatados",2,139700.00,"2026-01-09 13:53:00"
"Salchicha Ranchera x5","Enlatados",4,139700.00,"2026-01-09 13:53:00"
"Papas Margarita Natural 30g","Snacks",12,139700.00,"2026-01-09 13:53:00"
"Chocoramo","Snacks",4,311400.00,"2026-01-09 00:24:00"
"Aceite Girasol 1L","Basicos hogar",3,311400.00,"2026-01-09 00:24:00"
"Azucar Manuelita 1Kg","Basicos hogar",8,311400.00,"2026-01-09 00:24:00"
"Cafe Sello Rojo 250g","Basicos hogar",10,311400.00,"2026-01-09 00:24:00"
"Panela redonda 500g","Basicos hogar",1,311400.00,"2026-01-09 00:24:00"
"Huevos x30 unidades","Basicos hogar",10,311400.00,"2026-01-09 00:24:00"
"Atun Van Camps 160g","Enlatados",1,58000.00,"2026-01-08 22:44:00"
"Sardina Isabel 170g","Enlatados",4,58000.00,"2026-01-08 22:44:00"
"Maiz tierno Zenú 300g","Enlatados",1,58000.00,"2026-01-08 22:44:00"
"Salchicha Ranchera x5","Enlatados",4,58000.00,"2026-01-08 22:44:00"
"Galletas Festival Chocolate","Snacks",7,58000.00,"2026-01-08 22:44:00"
"Chocolate Jet 50g","Snacks",1,58000.00,"2026-01-08 22:44:00"
"Arroz Diana 1Kg","Granos y cereales",3,166300.00,"2026-01-08 18:16:00"
"Lentejas 500g","Granos y cereales",8,166300.00,"2026-01-08 18:16:00"
"Frijol rojo 500g","Granos y cereales",10,166300.00,"2026-01-08 18:16:00"
"Pasta Doria Espagueti 250g","Granos y cereales",6,166300.00,"2026-01-08 18:16:00"
"Leche Alqueria Entera 1L","Lacteos",6,166300.00,"2026-01-08 18:16:00"
"Leche Colanta Deslactosada 1L","Lacteos",8,166300.00,"2026-01-08 18:16:00"
"Yogurt Alpina 1L","Lacteos",10,143000.00,"2026-01-08 17:01:00"
"Mantequilla 250g","Lacteos",2,143000.00,"2026-01-08 17:01:00"
"Coca-Cola 350ml","Bebidas",9,143000.00,"2026-01-08 17:01:00"
"Gaseosa Postobon Manzana 350ml","Bebidas",11,143000.00,"2026-01-08 17:01:00"
"Agua Cristal 600ml","Bebidas",8,143000.00,"2026-01-08 17:01:00"
"Cerveza Poker 330ml","Bebidas",6,143000.00,"2026-01-08 17:01:00"
"Agua Cristal 600ml","Bebidas",6,61200.00,"2026-01-07 19:05:00"
"Cerveza Poker 330ml","Bebidas",10,61200.00,"2026-01-07 19:05:00"
"Papel Higienico Familia x4","Aseo",2,61200.00,"2026-01-07 19:05:00"
"Galletas Festival Chocolate","Snacks",3,61200.00,"2026-01-07 19:05:00"
"Chocolate Jet 50g","Snacks",2,61200.00,"2026-01-07 19:05:00"
"Arroz Diana 1Kg","Granos y cereales",10,213000.00,"2026-01-07 16:44:00"
"Arroz Roa 5Kg","Granos y cereales",7,213000.00,"2026-01-07 16:44:00"
"Pasta Doria Espagueti 250g","Granos y cereales",4,213000.00,"2026-01-07 16:44:00"
"Harina de Trigo 1Kg","Granos y cereales",1,213000.00,"2026-01-07 16:44:00"
"Leche Alqueria Entera 1L","Lacteos",4,213000.00,"2026-01-07 16:44:00"
"Leche Colanta Deslactosada 1L","Lacteos",11,132300.00,"2026-01-07 15:12:00"
"Yogurt Alpina 1L","Lacteos",5,132300.00,"2026-01-07 15:12:00"
"Mantequilla 250g","Lacteos",2,132300.00,"2026-01-07 15:12:00"
"Coca-Cola 350ml","Bebidas",8,132300.00,"2026-01-07 15:12:00"
"Gaseosa Postobon Manzana 350ml","Bebidas",10,132300.00,"2026-01-07 15:12:00"
"Chocoramo","Snacks",7,217600.00,"2026-01-07 13:25:00"
"Azucar Manuelita 1Kg","Basicos hogar",3,217600.00,"2026-01-07 13:25:00"
"Cafe Sello Rojo 250g","Basicos hogar",12,217600.00,"2026-01-07 13:25:00"
"Huevos x30 unidades","Basicos hogar",6,217600.00,"2026-01-07 13:25:00"
"Arroz Roa 5Kg","Granos y cereales",4,226600.00,"2026-01-06 22:14:00"
"Lentejas 500g","Granos y cereales",3,226600.00,"2026-01-06 22:14:00"
"Frijol rojo 500g","Granos y cereales",10,226600.00,"2026-01-06 22:14:00"
"Pasta Doria Espagueti 250g","Granos y cereales",7,226600.00,"2026-01-06 22:14:00"
"Leche Alqueria Entera 1L","Lacteos",10,226600.00,"2026-01-06 22:14:00"
"Leche Colanta Deslactosada 1L","Lacteos",7,226600.00,"2026-01-06 22:14:00"
"Atun Van Camps 160g","Enlatados",1,66600.00,"2026-01-06 22:01:00"
"Sardina Isabel 170g","Enlatados",1,66600.00,"2026-01-06 22:01:00"
"Papas Margarita Natural 30g","Snacks",7,66600.00,"2026-01-06 22:01:00"
"Galletas Festival Chocolate","Snacks",12,66600.00,"2026-01-06 22:01:00"
"Chocolate Jet 50g","Snacks",1,66600.00,"2026-01-06 22:01:00"
"Chocoramo","Snacks",12,66600.00,"2026-01-06 22:01:00"
"Yogurt Alpina 1L","Lacteos",11,172700.00,"2026-01-06 15:12:00"
"Queso Campesino 500g","Lacteos",2,172700.00,"2026-01-06 15:12:00"
"Mantequilla 250g","Lacteos",4,172700.00,"2026-01-06 15:12:00"
"Coca-Cola 350ml","Bebidas",12,172700.00,"2026-01-06 15:12:00"
"Agua Cristal 600ml","Bebidas",8,172700.00,"2026-01-06 15:12:00"
"Cerveza Poker 330ml","Bebidas",11,172700.00,"2026-01-06 15:12:00"
"Aceite Girasol 1L","Basicos hogar",5,320100.00,"2026-01-06 14:10:00"
"Azucar Manuelita 1Kg","Basicos hogar",9,320100.00,"2026-01-06 14:10:00"
"Cafe Sello Rojo 250g","Basicos hogar",11,320100.00,"2026-01-06 14:10:00"
"Panela redonda 500g","Basicos hogar",2,320100.00,"2026-01-06 14:10:00"
"Huevos x30 unidades","Basicos hogar",9,320100.00,"2026-01-06 14:10:00"
"Frijoles enlatados Zenú 300g","Enlatados",5,241900.00,"2026-01-06 01:54:00"
"Papas Margarita Natural 30g","Snacks",4,241900.00,"2026-01-06 01:54:00"
"Galletas Festival Chocolate","Snacks",9,241900.00,"2026-01-06 01:54:00"
"Chocoramo","Snacks",3,241900.00,"2026-01-06 01:54:00"
"Aceite Girasol 1L","Basicos hogar",6,241900.00,"2026-01-06 01:54:00"
"Azucar Manuelita 1Kg","Basicos hogar",7,241900.00,"2026-01-06 01:54:00"
"Cafe Sello Rojo 250g","Basicos hogar",7,241900.00,"2026-01-06 01:54:00"
"Panela redonda 500g","Basicos hogar",4,241900.00,"2026-01-06 01:54:00"
"Huevos x30 unidades","Basicos hogar",3,241900.00,"2026-01-06 01:54:00"
"Yogurt Alpina 1L","Lacteos",3,83000.00,"2026-01-06 01:02:00"
"Coca-Cola 350ml","Bebidas",4,83000.00,"2026-01-06 01:02:00"
"Gaseosa Postobon Manzana 350ml","Bebidas",5,83000.00,"2026-01-06 01:02:00"
"Jugo Hit Naranja 1L","Bebidas",2,83000.00,"2026-01-06 01:02:00"
"Agua Cristal 600ml","Bebidas",5,83000.00,"2026-01-06 01:02:00"
"Cerveza Poker 330ml","Bebidas",3,83000.00,"2026-01-06 01:02:00"
"Jabon Rey 300g","Aseo",1,83000.00,"2026-01-06 01:02:00"
"Papel Higienico Familia x4","Aseo",1,83000.00,"2026-01-06 01:02:00"
"Atun Van Camps 160g","Enlatados",2,83000.00,"2026-01-06 01:02:00"
"Arroz Diana 1Kg","Granos y cereales",5,244300.00,"2026-01-05 16:27:00"
"Arroz Roa 5Kg","Granos y cereales",6,244300.00,"2026-01-05 16:27:00"
"Lentejas 500g","Granos y cereales",5,244300.00,"2026-01-05 16:27:00"
"Frijol rojo 500g","Granos y cereales",4,244300.00,"2026-01-05 16:27:00"
"Avena Quaker 400g","Granos y cereales",2,244300.00,"2026-01-05 16:27:00"
"Pasta Doria Espagueti 250g","Granos y cereales",6,244300.00,"2026-01-05 16:27:00"
"Harina de Trigo 1Kg","Granos y cereales",4,244300.00,"2026-01-05 16:27:00"
"Leche Alqueria Entera 1L","Lacteos",3,244300.00,"2026-01-05 16:27:00"
"Leche Colanta Deslactosada 1L","Lacteos",3,244300.00,"2026-01-05 16:27:00"
"Chocoramo","Snacks",8,233600.00,"2026-01-05 01:29:00"
"Aceite Girasol 1L","Basicos hogar",8,233600.00,"2026-01-05 01:29:00"
"Azucar Manuelita 1Kg","Basicos hogar",5,233600.00,"2026-01-05 01:29:00"
"Cafe Sello Rojo 250g","Basicos hogar",5,233600.00,"2026-01-05 01:29:00"
"Huevos x30 unidades","Basicos hogar",5,233600.00,"2026-01-05 01:29:00"
"Arroz Diana 1Kg","Granos y cereales",9,421000.00,"2026-01-04 18:45:00"
"Arroz Roa 5Kg","Granos y cereales",10,421000.00,"2026-01-04 18:45:00"
"Lentejas 500g","Granos y cereales",7,421000.00,"2026-01-04 18:45:00"
"Frijol rojo 500g","Granos y cereales",10,421000.00,"2026-01-04 18:45:00"
"Avena Quaker 400g","Granos y cereales",4,421000.00,"2026-01-04 18:45:00"
"Pasta Doria Espagueti 250g","Granos y cereales",13,421000.00,"2026-01-04 18:45:00"
"Harina de Trigo 1Kg","Granos y cereales",7,421000.00,"2026-01-04 18:45:00"
"Leche Alqueria Entera 1L","Lacteos",8,421000.00,"2026-01-04 18:45:00"
"Cloro Blancox 500ml","Aseo",1,84200.00,"2026-01-04 16:04:00"
"Sardina Isabel 170g","Enlatados",5,84200.00,"2026-01-04 16:04:00"
"Frijoles enlatados Zenú 300g","Enlatados",5,84200.00,"2026-01-04 16:04:00"
"Salchicha Ranchera x5","Enlatados",1,84200.00,"2026-01-04 16:04:00"
"Papas Margarita Natural 30g","Snacks",5,84200.00,"2026-01-04 16:04:00"
"Galletas Festival Chocolate","Snacks",10,84200.00,"2026-01-04 16:04:00"
"Chocolate Jet 50g","Snacks",7,84200.00,"2026-01-04 16:04:00"
"Chiclets Adams x3","Snacks",3,84200.00,"2026-01-04 16:04:00"
"Leche Colanta Deslactosada 1L","Lacteos",7,283500.00,"2026-01-04 13:41:00"
"Yogurt Alpina 1L","Lacteos",10,283500.00,"2026-01-04 13:41:00"
"Queso Campesino 500g","Lacteos",5,283500.00,"2026-01-04 13:41:00"
"Coca-Cola 350ml","Bebidas",9,283500.00,"2026-01-04 13:41:00"
"Gaseosa Postobon Manzana 350ml","Bebidas",16,283500.00,"2026-01-04 13:41:00"
"Agua Cristal 600ml","Bebidas",4,283500.00,"2026-01-04 13:41:00"
"Cerveza Poker 330ml","Bebidas",13,283500.00,"2026-01-04 13:41:00"
"Papel Higienico Familia x4","Aseo",7,283500.00,"2026-01-04 13:41:00"
"Detergente Fab 1Kg","Aseo",1,397600.00,"2026-01-03 20:11:00"
"Papel Higienico Familia x4","Aseo",1,397600.00,"2026-01-03 20:11:00"
"Atun Van Camps 160g","Enlatados",1,397600.00,"2026-01-03 20:11:00"
"Frijoles enlatados Zenú 300g","Enlatados",1,397600.00,"2026-01-03 20:11:00"
"Salchicha Ranchera x5","Enlatados",4,397600.00,"2026-01-03 20:11:00"
"Papas Margarita Natural 30g","Snacks",9,397600.00,"2026-01-03 20:11:00"
"Galletas Festival Chocolate","Snacks",7,397600.00,"2026-01-03 20:11:00"
"Chocolate Jet 50g","Snacks",4,397600.00,"2026-01-03 20:11:00"
"Chocoramo","Snacks",9,397600.00,"2026-01-03 20:11:00"
"Aceite Girasol 1L","Basicos hogar",4,397600.00,"2026-01-03 20:11:00"
"Azucar Manuelita 1Kg","Basicos hogar",16,397600.00,"2026-01-03 20:11:00"
"Cafe Sello Rojo 250g","Basicos hogar",4,397600.00,"2026-01-03 20:11:00"
"Panela redonda 500g","Basicos hogar",7,397600.00,"2026-01-03 20:11:00"
"Huevos x30 unidades","Basicos hogar",9,397600.00,"2026-01-03 20:11:00"
"Arroz Diana 1Kg","Granos y cereales",16,650700.00,"2026-01-03 18:01:00"
"Arroz Roa 5Kg","Granos y cereales",10,650700.00,"2026-01-03 18:01:00"
"Lentejas 500g","Granos y cereales",5,650700.00,"2026-01-03 18:01:00"
"Frijol rojo 500g","Granos y cereales",16,650700.00,"2026-01-03 18:01:00"
"Avena Quaker 400g","Granos y cereales",4,650700.00,"2026-01-03 18:01:00"
"Pasta Doria Espagueti 250g","Granos y cereales",4,650700.00,"2026-01-03 18:01:00"
"Harina de Trigo 1Kg","Granos y cereales",1,650700.00,"2026-01-03 18:01:00"
"Leche Alqueria Entera 1L","Lacteos",16,650700.00,"2026-01-03 18:01:00"
"Leche Colanta Deslactosada 1L","Lacteos",4,650700.00,"2026-01-03 18:01:00"
"Yogurt Alpina 1L","Lacteos",8,650700.00,"2026-01-03 18:01:00"
"Coca-Cola 350ml","Bebidas",16,650700.00,"2026-01-03 18:01:00"
"Gaseosa Postobon Manzana 350ml","Bebidas",10,650700.00,"2026-01-03 18:01:00"
"Jugo Hit Naranja 1L","Bebidas",7,650700.00,"2026-01-03 18:01:00"
"Agua Cristal 600ml","Bebidas",12,650700.00,"2026-01-03 18:01:00"
"Cerveza Poker 330ml","Bebidas",7,650700.00,"2026-01-03 18:01:00"
"Arroz Diana 1Kg","Granos y cereales",4,1036900.00,"2026-01-02 19:14:00"
"Arroz Roa 5Kg","Granos y cereales",10,1036900.00,"2026-01-02 19:14:00"
"Lentejas 500g","Granos y cereales",8,1036900.00,"2026-01-02 19:14:00"
"Frijol rojo 500g","Granos y cereales",8,1036900.00,"2026-01-02 19:14:00"
"Pasta Doria Espagueti 250g","Granos y cereales",13,1036900.00,"2026-01-02 19:14:00"
"Harina de Trigo 1Kg","Granos y cereales",3,1036900.00,"2026-01-02 19:14:00"
"Leche Alqueria Entera 1L","Lacteos",6,1036900.00,"2026-01-02 19:14:00"
"Leche Colanta Deslactosada 1L","Lacteos",6,1036900.00,"2026-01-02 19:14:00"
"Yogurt Alpina 1L","Lacteos",15,1036900.00,"2026-01-02 19:14:00"
"Queso Campesino 500g","Lacteos",6,1036900.00,"2026-01-02 19:14:00"
"Mantequilla 250g","Lacteos",1,1036900.00,"2026-01-02 19:14:00"
"Coca-Cola 350ml","Bebidas",4,1036900.00,"2026-01-02 19:14:00"
"Gaseosa Postobon Manzana 350ml","Bebidas",14,1036900.00,"2026-01-02 19:14:00"
"Jugo Hit Naranja 1L","Bebidas",1,1036900.00,"2026-01-02 19:14:00"
"Agua Cristal 600ml","Bebidas",8,1036900.00,"2026-01-02 19:14:00"
"Cerveza Poker 330ml","Bebidas",11,1036900.00,"2026-01-02 19:14:00"
"Papel Higienico Familia x4","Aseo",3,1036900.00,"2026-01-02 19:14:00"
"Atun Van Camps 160g","Enlatados",3,1036900.00,"2026-01-02 19:14:00"
"Sardina Isabel 170g","Enlatados",3,1036900.00,"2026-01-02 19:14:00"
"Frijoles enlatados Zenú 300g","Enlatados",7,1036900.00,"2026-01-02 19:14:00"
"Papas Margarita Natural 30g","Snacks",11,1036900.00,"2026-01-02 19:14:00"
"Galletas Festival Chocolate","Snacks",11,1036900.00,"2026-01-02 19:14:00"
"Chocolate Jet 50g","Snacks",7,1036900.00,"2026-01-02 19:14:00"
"Chiclets Adams x3","Snacks",3,1036900.00,"2026-01-02 19:14:00"
"Chocoramo","Snacks",10,1036900.00,"2026-01-02 19:14:00"
"Aceite Girasol 1L","Basicos hogar",7,1036900.00,"2026-01-02 19:14:00"
"Azucar Manuelita 1Kg","Basicos hogar",8,1036900.00,"2026-01-02 19:14:00"
"Cafe Sello Rojo 250g","Basicos hogar",10,1036900.00,"2026-01-02 19:14:00"
"Panela redonda 500g","Basicos hogar",3,1036900.00,"2026-01-02 19:14:00"
"Huevos x30 unidades","Basicos hogar",6,1036900.00,"2026-01-02 19:14:00"
"Papas Margarita Natural 30g","Snacks",10,485600.00,"2026-01-02 00:04:00"
"Galletas Festival Chocolate","Snacks",6,485600.00,"2026-01-02 00:04:00"
"Chocolate Jet 50g","Snacks",7,485600.00,"2026-01-02 00:04:00"
"Chocoramo","Snacks",7,485600.00,"2026-01-02 00:04:00"
"Aceite Girasol 1L","Basicos hogar",14,485600.00,"2026-01-02 00:04:00"
"Azucar Manuelita 1Kg","Basicos hogar",14,485600.00,"2026-01-02 00:04:00"
"Cafe Sello Rojo 250g","Basicos hogar",17,485600.00,"2026-01-02 00:04:00"
"Panela redonda 500g","Basicos hogar",4,485600.00,"2026-01-02 00:04:00"
"Huevos x30 unidades","Basicos hogar",6,485600.00,"2026-01-02 00:04:00"
"Queso Campesino 500g","Lacteos",7,225400.00,"2026-01-01 23:23:00"
"Mantequilla 250g","Lacteos",1,225400.00,"2026-01-01 23:23:00"
"Coca-Cola 350ml","Bebidas",14,225400.00,"2026-01-01 23:23:00"
"Gaseosa Postobon Manzana 350ml","Bebidas",6,225400.00,"2026-01-01 23:23:00"
"Jugo Hit Naranja 1L","Bebidas",6,225400.00,"2026-01-01 23:23:00"
"Agua Cristal 600ml","Bebidas",10,225400.00,"2026-01-01 23:23:00"
"Cerveza Poker 330ml","Bebidas",14,225400.00,"2026-01-01 23:23:00"
"Papel Higienico Familia x4","Aseo",3,225400.00,"2026-01-01 23:23:00"
"Frijoles enlatados Zenú 300g","Enlatados",3,225400.00,"2026-01-01 23:23:00"
"Arroz Diana 1Kg","Granos y cereales",15,485300.00,"2026-01-01 17:15:00"
"Arroz Roa 5Kg","Granos y cereales",10,485300.00,"2026-01-01 17:15:00"
"Lentejas 500g","Granos y cereales",4,485300.00,"2026-01-01 17:15:00"
"Frijol rojo 500g","Granos y cereales",4,485300.00,"2026-01-01 17:15:00"
"Avena Quaker 400g","Granos y cereales",6,485300.00,"2026-01-01 17:15:00"
"Pasta Doria Espagueti 250g","Granos y cereales",15,485300.00,"2026-01-01 17:15:00"
"Leche Alqueria Entera 1L","Lacteos",15,485300.00,"2026-01-01 17:15:00"
"Leche Colanta Deslactosada 1L","Lacteos",4,485300.00,"2026-01-01 17:15:00"
"Yogurt Alpina 1L","Lacteos",6,485300.00,"2026-01-01 17:15:00"
"Arroz Diana 1Kg","Granos y cereales",5,417500.00,"2025-12-31 22:32:00"
"Arroz Roa 5Kg","Granos y cereales",7,417500.00,"2025-12-31 22:32:00"
"Lentejas 500g","Granos y cereales",4,417500.00,"2025-12-31 22:32:00"
"Frijol rojo 500g","Granos y cereales",7,417500.00,"2025-12-31 22:32:00"
"Avena Quaker 400g","Granos y cereales",2,417500.00,"2025-12-31 22:32:00"
"Pasta Doria Espagueti 250g","Granos y cereales",8,417500.00,"2025-12-31 22:32:00"
"Harina de Trigo 1Kg","Granos y cereales",3,417500.00,"2025-12-31 22:32:00"
"Leche Alqueria Entera 1L","Lacteos",7,417500.00,"2025-12-31 22:32:00"
"Leche Colanta Deslactosada 1L","Lacteos",10,417500.00,"2025-12-31 22:32:00"
"Yogurt Alpina 1L","Lacteos",6,417500.00,"2025-12-31 22:32:00"
"Coca-Cola 350ml","Bebidas",11,417500.00,"2025-12-31 22:32:00"
"Gaseosa Postobon Manzana 350ml","Bebidas",7,417500.00,"2025-12-31 22:32:00"
"Jugo Hit Naranja 1L","Bebidas",1,417500.00,"2025-12-31 22:32:00"
"Agua Cristal 600ml","Bebidas",8,417500.00,"2025-12-31 22:32:00"
"Cerveza Poker 330ml","Bebidas",4,359400.00,"2025-12-31 15:00:00"
"Cloro Blancox 500ml","Aseo",1,359400.00,"2025-12-31 15:00:00"
"Atun Van Camps 160g","Enlatados",2,359400.00,"2025-12-31 15:00:00"
"Frijoles enlatados Zenú 300g","Enlatados",1,359400.00,"2025-12-31 15:00:00"
"Salchicha Ranchera x5","Enlatados",5,359400.00,"2025-12-31 15:00:00"
"Papas Margarita Natural 30g","Snacks",12,359400.00,"2025-12-31 15:00:00"
"Galletas Festival Chocolate","Snacks",8,359400.00,"2025-12-31 15:00:00"
"Chocolate Jet 50g","Snacks",4,359400.00,"2025-12-31 15:00:00"
"Chocoramo","Snacks",12,359400.00,"2025-12-31 15:00:00"
"Azucar Manuelita 1Kg","Basicos hogar",9,359400.00,"2025-12-31 15:00:00"
"Cafe Sello Rojo 250g","Basicos hogar",6,359400.00,"2025-12-31 15:00:00"
"Panela redonda 500g","Basicos hogar",2,359400.00,"2025-12-31 15:00:00"
"Huevos x30 unidades","Basicos hogar",9,359400.00,"2025-12-31 15:00:00"
"Arroz Diana 1Kg","Granos y cereales",4,491600.00,"2025-12-30 20:27:00"
"Arroz Roa 5Kg","Granos y cereales",10,491600.00,"2025-12-30 20:27:00"
"Lentejas 500g","Granos y cereales",3,491600.00,"2025-12-30 20:27:00"
"Frijol rojo 500g","Granos y cereales",6,491600.00,"2025-12-30 20:27:00"
"Avena Quaker 400g","Granos y cereales",3,491600.00,"2025-12-30 20:27:00"
"Pasta Doria Espagueti 250g","Granos y cereales",8,491600.00,"2025-12-30 20:27:00"
"Harina de Trigo 1Kg","Granos y cereales",3,491600.00,"2025-12-30 20:27:00"
"Leche Alqueria Entera 1L","Lacteos",6,491600.00,"2025-12-30 20:27:00"
"Leche Colanta Deslactosada 1L","Lacteos",12,491600.00,"2025-12-30 20:27:00"
"Yogurt Alpina 1L","Lacteos",12,491600.00,"2025-12-30 20:27:00"
"Queso Campesino 500g","Lacteos",3,491600.00,"2025-12-30 20:27:00"
"Mantequilla 250g","Lacteos",4,491600.00,"2025-12-30 20:27:00"
"Gaseosa Postobon Manzana 350ml","Bebidas",11,283800.00,"2025-12-30 12:30:00"
"Agua Cristal 600ml","Bebidas",4,283800.00,"2025-12-30 12:30:00"
"Cerveza Poker 330ml","Bebidas",10,283800.00,"2025-12-30 12:30:00"
"Atun Van Camps 160g","Enlatados",5,283800.00,"2025-12-30 12:30:00"
"Sardina Isabel 170g","Enlatados",2,283800.00,"2025-12-30 12:30:00"
"Salchicha Ranchera x5","Enlatados",5,283800.00,"2025-12-30 12:30:00"
"Papas Margarita Natural 30g","Snacks",6,283800.00,"2025-12-30 12:30:00"
"Galletas Festival Chocolate","Snacks",3,283800.00,"2025-12-30 12:30:00"
"Chocolate Jet 50g","Snacks",2,283800.00,"2025-12-30 12:30:00"
"Chocoramo","Snacks",11,283800.00,"2025-12-30 12:30:00"
"Azucar Manuelita 1Kg","Basicos hogar",10,283800.00,"2025-12-30 12:30:00"
"Cafe Sello Rojo 250g","Basicos hogar",9,283800.00,"2025-12-30 12:30:00"
"Arroz Diana 1Kg","Granos y cereales",6,752800.00,"2025-12-29 22:39:00"
"Arroz Roa 5Kg","Granos y cereales",4,752800.00,"2025-12-29 22:39:00"
"Lentejas 500g","Granos y cereales",3,752800.00,"2025-12-29 22:39:00"
"Frijol rojo 500g","Granos y cereales",4,752800.00,"2025-12-29 22:39:00"
"Pasta Doria Espagueti 250g","Granos y cereales",10,752800.00,"2025-12-29 22:39:00"
"Leche Alqueria Entera 1L","Lacteos",12,752800.00,"2025-12-29 22:39:00"
"Leche Colanta Deslactosada 1L","Lacteos",7,752800.00,"2025-12-29 22:39:00"
"Yogurt Alpina 1L","Lacteos",3,752800.00,"2025-12-29 22:39:00"
"Queso Campesino 500g","Lacteos",3,752800.00,"2025-12-29 22:39:00"
"Mantequilla 250g","Lacteos",2,752800.00,"2025-12-29 22:39:00"
"Gaseosa Postobon Manzana 350ml","Bebidas",12,752800.00,"2025-12-29 22:39:00"
"Jugo Hit Naranja 1L","Bebidas",3,752800.00,"2025-12-29 22:39:00"
"Agua Cristal 600ml","Bebidas",9,752800.00,"2025-12-29 22:39:00"
"Cerveza Poker 330ml","Bebidas",12,752800.00,"2025-12-29 22:39:00"
"Papel Higienico Familia x4","Aseo",3,752800.00,"2025-12-29 22:39:00"
"Atun Van Camps 160g","Enlatados",2,752800.00,"2025-12-29 22:39:00"
"Sardina Isabel 170g","Enlatados",4,752800.00,"2025-12-29 22:39:00"
"Frijoles enlatados Zenú 300g","Enlatados",1,752800.00,"2025-12-29 22:39:00"
"Salchicha Ranchera x5","Enlatados",5,752800.00,"2025-12-29 22:39:00"
"Papas Margarita Natural 30g","Snacks",9,752800.00,"2025-12-29 22:39:00"
"Galletas Festival Chocolate","Snacks",10,752800.00,"2025-12-29 22:39:00"
"Chocolate Jet 50g","Snacks",4,752800.00,"2025-12-29 22:39:00"
"Chocoramo","Snacks",9,752800.00,"2025-12-29 22:39:00"
"Aceite Girasol 1L","Basicos hogar",11,752800.00,"2025-12-29 22:39:00"
"Azucar Manuelita 1Kg","Basicos hogar",8,752800.00,"2025-12-29 22:39:00"
"Cafe Sello Rojo 250g","Basicos hogar",4,752800.00,"2025-12-29 22:39:00"
"Panela redonda 500g","Basicos hogar",5,752800.00,"2025-12-29 22:39:00"
"Huevos x30 unidades","Basicos hogar",3,752800.00,"2025-12-29 22:39:00"
"Arroz Diana 1Kg","Granos y cereales",8,329600.00,"2025-12-29 01:57:00"
"Arroz Roa 5Kg","Granos y cereales",7,329600.00,"2025-12-29 01:57:00"
"Lentejas 500g","Granos y cereales",8,329600.00,"2025-12-29 01:57:00"
"Frijol rojo 500g","Granos y cereales",5,329600.00,"2025-12-29 01:57:00"
"Avena Quaker 400g","Granos y cereales",3,329600.00,"2025-12-29 01:57:00"
"Pasta Doria Espagueti 250g","Granos y cereales",8,329600.00,"2025-12-29 01:57:00"
"Harina de Trigo 1Kg","Granos y cereales",7,329600.00,"2025-12-29 01:57:00"
"Leche Alqueria Entera 1L","Lacteos",10,329600.00,"2025-12-29 01:57:00"
"Leche Colanta Deslactosada 1L","Lacteos",8,213700.00,"2025-12-28 21:10:00"
"Yogurt Alpina 1L","Lacteos",10,213700.00,"2025-12-28 21:10:00"
"Queso Campesino 500g","Lacteos",5,213700.00,"2025-12-28 21:10:00"
"Mantequilla 250g","Lacteos",7,213700.00,"2025-12-28 21:10:00"
"Coca-Cola 350ml","Bebidas",10,213700.00,"2025-12-28 21:10:00"
"Gaseosa Postobon Manzana 350ml","Bebidas",5,213700.00,"2025-12-28 21:10:00"
"Jugo Hit Naranja 1L","Bebidas",1,213700.00,"2025-12-28 21:10:00"
"Agua Cristal 600ml","Bebidas",4,213700.00,"2025-12-28 21:10:00"
"Cerveza Poker 330ml","Bebidas",5,157200.00,"2025-12-28 15:59:00"
"Jabon Rey 300g","Aseo",1,157200.00,"2025-12-28 15:59:00"
"Detergente Fab 1Kg","Aseo",3,157200.00,"2025-12-28 15:59:00"
"Papel Higienico Familia x4","Aseo",7,157200.00,"2025-12-28 15:59:00"
"Atun Van Camps 160g","Enlatados",3,157200.00,"2025-12-28 15:59:00"
"Sardina Isabel 170g","Enlatados",5,157200.00,"2025-12-28 15:59:00"
"Maiz tierno Zenú 300g","Enlatados",3,157200.00,"2025-12-28 15:59:00"
"Papas Margarita Natural 30g","Snacks",10,157200.00,"2025-12-28 15:59:00"
"Galletas Festival Chocolate","Snacks",9,398700.00,"2025-12-28 13:14:00"
"Chocolate Jet 50g","Snacks",7,398700.00,"2025-12-28 13:14:00"
"Chocoramo","Snacks",9,398700.00,"2025-12-28 13:14:00"
"Aceite Girasol 1L","Basicos hogar",4,398700.00,"2025-12-28 13:14:00"
"Azucar Manuelita 1Kg","Basicos hogar",13,398700.00,"2025-12-28 13:14:00"
"Cafe Sello Rojo 250g","Basicos hogar",13,398700.00,"2025-12-28 13:14:00"
"Panela redonda 500g","Basicos hogar",7,398700.00,"2025-12-28 13:14:00"
"Huevos x30 unidades","Basicos hogar",9,398700.00,"2025-12-28 13:14:00"
"Arroz Diana 1Kg","Granos y cereales",9,1178500.00,"2025-12-27 14:52:00"
"Arroz Roa 5Kg","Granos y cereales",10,1178500.00,"2025-12-27 14:52:00"
"Lentejas 500g","Granos y cereales",8,1178500.00,"2025-12-27 14:52:00"
"Frijol rojo 500g","Granos y cereales",4,1178500.00,"2025-12-27 14:52:00"
"Avena Quaker 400g","Granos y cereales",3,1178500.00,"2025-12-27 14:52:00"
"Pasta Doria Espagueti 250g","Granos y cereales",7,1178500.00,"2025-12-27 14:52:00"
"Leche Alqueria Entera 1L","Lacteos",16,1178500.00,"2025-12-27 14:52:00"
"Leche Colanta Deslactosada 1L","Lacteos",16,1178500.00,"2025-12-27 14:52:00"
"Yogurt Alpina 1L","Lacteos",8,1178500.00,"2025-12-27 14:52:00"
"Queso Campesino 500g","Lacteos",5,1178500.00,"2025-12-27 14:52:00"
"Coca-Cola 350ml","Bebidas",12,1178500.00,"2025-12-27 14:52:00"
"Gaseosa Postobon Manzana 350ml","Bebidas",10,1178500.00,"2025-12-27 14:52:00"
"Jugo Hit Naranja 1L","Bebidas",3,1178500.00,"2025-12-27 14:52:00"
"Agua Cristal 600ml","Bebidas",10,1178500.00,"2025-12-27 14:52:00"
"Cerveza Poker 330ml","Bebidas",8,1178500.00,"2025-12-27 14:52:00"
"Detergente Fab 1Kg","Aseo",3,1178500.00,"2025-12-27 14:52:00"
"Cepillo de Dientes Colgate","Aseo",3,1178500.00,"2025-12-27 14:52:00"
"Atun Van Camps 160g","Enlatados",4,1178500.00,"2025-12-27 14:52:00"
"Frijoles enlatados Zenú 300g","Enlatados",4,1178500.00,"2025-12-27 14:52:00"
"Papas Margarita Natural 30g","Snacks",16,1178500.00,"2025-12-27 14:52:00"
"Galletas Festival Chocolate","Snacks",10,1178500.00,"2025-12-27 14:52:00"
"Chocoramo","Snacks",4,1178500.00,"2025-12-27 14:52:00"
"Aceite Girasol 1L","Basicos hogar",12,1178500.00,"2025-12-27 14:52:00"
"Azucar Manuelita 1Kg","Basicos hogar",4,1178500.00,"2025-12-27 14:52:00"
"Cafe Sello Rojo 250g","Basicos hogar",7,1178500.00,"2025-12-27 14:52:00"
"Panela redonda 500g","Basicos hogar",7,1178500.00,"2025-12-27 14:52:00"
"Huevos x30 unidades","Basicos hogar",12,1178500.00,"2025-12-27 14:52:00"
"Arroz Diana 1Kg","Granos y cereales",11,523400.00,"2025-12-26 20:55:00"
"Arroz Roa 5Kg","Granos y cereales",8,523400.00,"2025-12-26 20:55:00"
"Lentejas 500g","Granos y cereales",9,523400.00,"2025-12-26 20:55:00"
"Frijol rojo 500g","Granos y cereales",10,523400.00,"2025-12-26 20:55:00"
"Pasta Doria Espagueti 250g","Granos y cereales",7,523400.00,"2025-12-26 20:55:00"
"Harina de Trigo 1Kg","Granos y cereales",4,523400.00,"2025-12-26 20:55:00"
"Leche Alqueria Entera 1L","Lacteos",7,523400.00,"2025-12-26 20:55:00"
"Leche Colanta Deslactosada 1L","Lacteos",10,523400.00,"2025-12-26 20:55:00"
"Yogurt Alpina 1L","Lacteos",9,523400.00,"2025-12-26 20:55:00"
"Queso Campesino 500g","Lacteos",2,523400.00,"2025-12-26 20:55:00"
"Coca-Cola 350ml","Bebidas",5,523400.00,"2025-12-26 20:55:00"
"Gaseosa Postobon Manzana 350ml","Bebidas",9,523400.00,"2025-12-26 20:55:00"
"Agua Cristal 600ml","Bebidas",10,523400.00,"2025-12-26 20:55:00"
"Cerveza Poker 330ml","Bebidas",5,523400.00,"2025-12-26 20:55:00"
"Aguardiante Antioqueno 375ml","Bebidas",1,296900.00,"2025-12-26 15:48:00"
"Atun Van Camps 160g","Enlatados",5,296900.00,"2025-12-26 15:48:00"
"Sardina Isabel 170g","Enlatados",3,296900.00,"2025-12-26 15:48:00"
"Frijoles enlatados Zenú 300g","Enlatados",4,296900.00,"2025-12-26 15:48:00"
"Salchicha Ranchera x5","Enlatados",1,296900.00,"2025-12-26 15:48:00"
"Papas Margarita Natural 30g","Snacks",11,296900.00,"2025-12-26 15:48:00"
"Galletas Festival Chocolate","Snacks",10,296900.00,"2025-12-26 15:48:00"
"Chocoramo","Snacks",8,296900.00,"2025-12-26 15:48:00"
"Aceite Girasol 1L","Basicos hogar",3,296900.00,"2025-12-26 15:48:00"
"Azucar Manuelita 1Kg","Basicos hogar",9,296900.00,"2025-12-26 15:48:00"
"Cafe Sello Rojo 250g","Basicos hogar",3,296900.00,"2025-12-26 15:48:00"
"Panela redonda 500g","Basicos hogar",5,296900.00,"2025-12-26 15:48:00"
"Huevos x30 unidades","Basicos hogar",4,296900.00,"2025-12-26 15:48:00"
"Arroz Diana 1Kg","Granos y cereales",5,823600.00,"2025-12-25 19:53:00"
"Arroz Roa 5Kg","Granos y cereales",10,823600.00,"2025-12-25 19:53:00"
"Pasta Doria Espagueti 250g","Granos y cereales",10,823600.00,"2025-12-25 19:53:00"
"Harina de Trigo 1Kg","Granos y cereales",1,823600.00,"2025-12-25 19:53:00"
"Leche Alqueria Entera 1L","Lacteos",10,823600.00,"2025-12-25 19:53:00"
"Leche Colanta Deslactosada 1L","Lacteos",9,823600.00,"2025-12-25 19:53:00"
"Yogurt Alpina 1L","Lacteos",10,823600.00,"2025-12-25 19:53:00"
"Mantequilla 250g","Lacteos",4,823600.00,"2025-12-25 19:53:00"
"Coca-Cola 350ml","Bebidas",7,823600.00,"2025-12-25 19:53:00"
"Gaseosa Postobon Manzana 350ml","Bebidas",7,823600.00,"2025-12-25 19:53:00"
"Jugo Hit Naranja 1L","Bebidas",1,823600.00,"2025-12-25 19:53:00"
"Agua Cristal 600ml","Bebidas",3,823600.00,"2025-12-25 19:53:00"
"Cerveza Poker 330ml","Bebidas",5,823600.00,"2025-12-25 19:53:00"
"Papel Higienico Familia x4","Aseo",3,823600.00,"2025-12-25 19:53:00"
"Cepillo de Dientes Colgate","Aseo",1,823600.00,"2025-12-25 19:53:00"
"Frijoles enlatados Zenú 300g","Enlatados",4,823600.00,"2025-12-25 19:53:00"
"Salchicha Ranchera x5","Enlatados",4,823600.00,"2025-12-25 19:53:00"
"Papas Margarita Natural 30g","Snacks",7,823600.00,"2025-12-25 19:53:00"
"Galletas Festival Chocolate","Snacks",9,823600.00,"2025-12-25 19:53:00"
"Chocolate Jet 50g","Snacks",3,823600.00,"2025-12-25 19:53:00"
"Aceite Girasol 1L","Basicos hogar",7,823600.00,"2025-12-25 19:53:00"
"Sal Refisal 1Kg","Basicos hogar",2,823600.00,"2025-12-25 19:53:00"
"Cafe Sello Rojo 250g","Basicos hogar",9,823600.00,"2025-12-25 19:53:00"
"Huevos x30 unidades","Basicos hogar",8,823600.00,"2025-12-25 19:53:00"
"Galletas Festival Chocolate","Snacks",7,332000.00,"2025-12-24 23:33:00"
"Chocoramo","Snacks",5,332000.00,"2025-12-24 23:33:00"
"Aceite Girasol 1L","Basicos hogar",3,332000.00,"2025-12-24 23:33:00"
"Azucar Manuelita 1Kg","Basicos hogar",8,332000.00,"2025-12-24 23:33:00"
"Cafe Sello Rojo 250g","Basicos hogar",10,332000.00,"2025-12-24 23:33:00"
"Panela redonda 500g","Basicos hogar",5,332000.00,"2025-12-24 23:33:00"
"Huevos x30 unidades","Basicos hogar",10,332000.00,"2025-12-24 23:33:00"
"Queso Campesino 500g","Lacteos",2,148100.00,"2025-12-24 19:19:00"
"Coca-Cola 350ml","Bebidas",9,148100.00,"2025-12-24 19:19:00"
"Gaseosa Postobon Manzana 350ml","Bebidas",8,148100.00,"2025-12-24 19:19:00"
"Jugo Hit Naranja 1L","Bebidas",5,148100.00,"2025-12-24 19:19:00"
"Cerveza Poker 330ml","Bebidas",6,148100.00,"2025-12-24 19:19:00"
"Cloro Blancox 500ml","Aseo",2,148100.00,"2025-12-24 19:19:00"
"Cepillo de Dientes Colgate","Aseo",2,148100.00,"2025-12-24 19:19:00"
"Sardina Isabel 170g","Enlatados",3,148100.00,"2025-12-24 19:19:00"
"Papas Margarita Natural 30g","Snacks",12,148100.00,"2025-12-24 19:19:00"
"Arroz Diana 1Kg","Granos y cereales",5,306200.00,"2025-12-24 18:27:00"
"Arroz Roa 5Kg","Granos y cereales",5,306200.00,"2025-12-24 18:27:00"
"Lentejas 500g","Granos y cereales",3,306200.00,"2025-12-24 18:27:00"
"Frijol rojo 500g","Granos y cereales",5,306200.00,"2025-12-24 18:27:00"
"Pasta Doria Espagueti 250g","Granos y cereales",5,306200.00,"2025-12-24 18:27:00"
"Harina de Trigo 1Kg","Granos y cereales",4,306200.00,"2025-12-24 18:27:00"
"Leche Alqueria Entera 1L","Lacteos",11,306200.00,"2025-12-24 18:27:00"
"Leche Colanta Deslactosada 1L","Lacteos",12,306200.00,"2025-12-24 18:27:00"
"Yogurt Alpina 1L","Lacteos",4,306200.00,"2025-12-24 18:27:00"
"Papas Margarita Natural 30g","Snacks",6,228600.00,"2025-12-23 22:26:00"
"Galletas Festival Chocolate","Snacks",3,228600.00,"2025-12-23 22:26:00"
"Chocoramo","Snacks",9,228600.00,"2025-12-23 22:26:00"
"Aceite Girasol 1L","Basicos hogar",9,228600.00,"2025-12-23 22:26:00"
"Azucar Manuelita 1Kg","Basicos hogar",5,228600.00,"2025-12-23 22:26:00"
"Cafe Sello Rojo 250g","Basicos hogar",4,228600.00,"2025-12-23 22:26:00"
"Panela redonda 500g","Basicos hogar",3,228600.00,"2025-12-23 22:26:00"
"Huevos x30 unidades","Basicos hogar",3,228600.00,"2025-12-23 22:26:00"
"Arroz Diana 1Kg","Granos y cereales",9,269500.00,"2025-12-23 18:33:00"
"Frijol rojo 500g","Granos y cereales",11,269500.00,"2025-12-23 18:33:00"
"Pasta Doria Espagueti 250g","Granos y cereales",6,269500.00,"2025-12-23 18:33:00"
"Harina de Trigo 1Kg","Granos y cereales",3,269500.00,"2025-12-23 18:33:00"
"Leche Colanta Deslactosada 1L","Lacteos",12,269500.00,"2025-12-23 18:33:00"
"Yogurt Alpina 1L","Lacteos",12,269500.00,"2025-12-23 18:33:00"
"Coca-Cola 350ml","Bebidas",10,269500.00,"2025-12-23 18:33:00"
"Gaseosa Postobon Manzana 350ml","Bebidas",3,269500.00,"2025-12-23 18:33:00"
"Agua Cristal 600ml","Bebidas",3,116300.00,"2025-12-23 15:24:00"
"Cerveza Poker 330ml","Bebidas",10,116300.00,"2025-12-23 15:24:00"
"Aguardiante Antioqueno 375ml","Bebidas",1,116300.00,"2025-12-23 15:24:00"
"Jabon Rey 300g","Aseo",2,116300.00,"2025-12-23 15:24:00"
"Detergente Fab 1Kg","Aseo",2,116300.00,"2025-12-23 15:24:00"
"Papel Higienico Familia x4","Aseo",2,116300.00,"2025-12-23 15:24:00"
"Atun Van Camps 160g","Enlatados",4,116300.00,"2025-12-23 15:24:00"
"Sardina Isabel 170g","Enlatados",1,116300.00,"2025-12-23 15:24:00"
"Arroz Roa 5Kg","Granos y cereales",7,407500.00,"2025-12-22 22:02:00"
"Lentejas 500g","Granos y cereales",11,407500.00,"2025-12-22 22:02:00"
"Frijol rojo 500g","Granos y cereales",5,407500.00,"2025-12-22 22:02:00"
"Avena Quaker 400g","Granos y cereales",2,407500.00,"2025-12-22 22:02:00"
"Pasta Doria Espagueti 250g","Granos y cereales",7,407500.00,"2025-12-22 22:02:00"
"Harina de Trigo 1Kg","Granos y cereales",3,407500.00,"2025-12-22 22:02:00"
"Leche Alqueria Entera 1L","Lacteos",9,407500.00,"2025-12-22 22:02:00"
"Leche Colanta Deslactosada 1L","Lacteos",12,407500.00,"2025-12-22 22:02:00"
"Yogurt Alpina 1L","Lacteos",7,407500.00,"2025-12-22 22:02:00"
"Mantequilla 250g","Lacteos",4,407500.00,"2025-12-22 22:02:00"
"Coca-Cola 350ml","Bebidas",6,407500.00,"2025-12-22 22:02:00"
"Jabon Rey 300g","Aseo",1,178200.00,"2025-12-22 13:45:00"
"Detergente Fab 1Kg","Aseo",1,178200.00,"2025-12-22 13:45:00"
"Atun Van Camps 160g","Enlatados",3,178200.00,"2025-12-22 13:45:00"
"Sardina Isabel 170g","Enlatados",5,178200.00,"2025-12-22 13:45:00"
"Salchicha Ranchera x5","Enlatados",3,178200.00,"2025-12-22 13:45:00"
"Papas Margarita Natural 30g","Snacks",11,178200.00,"2025-12-22 13:45:00"
"Chocolate Jet 50g","Snacks",2,178200.00,"2025-12-22 13:45:00"
"Chocoramo","Snacks",5,178200.00,"2025-12-22 13:45:00"
"Aceite Girasol 1L","Basicos hogar",5,178200.00,"2025-12-22 13:45:00"
"Azucar Manuelita 1Kg","Basicos hogar",5,178200.00,"2025-12-22 13:45:00"
"Panela redonda 500g","Basicos hogar",3,178200.00,"2025-12-22 13:45:00"
"Arroz Diana 1Kg","Granos y cereales",4,733500.00,"2025-12-21 22:11:00"
"Arroz Roa 5Kg","Granos y cereales",16,733500.00,"2025-12-21 22:11:00"
"Lentejas 500g","Granos y cereales",8,733500.00,"2025-12-21 22:11:00"
"Frijol rojo 500g","Granos y cereales",13,733500.00,"2025-12-21 22:11:00"
"Avena Quaker 400g","Granos y cereales",4,733500.00,"2025-12-21 22:11:00"
"Pasta Doria Espagueti 250g","Granos y cereales",7,733500.00,"2025-12-21 22:11:00"
"Harina de Trigo 1Kg","Granos y cereales",3,733500.00,"2025-12-21 22:11:00"
"Leche Alqueria Entera 1L","Lacteos",16,733500.00,"2025-12-21 22:11:00"
"Leche Colanta Deslactosada 1L","Lacteos",8,733500.00,"2025-12-21 22:11:00"
"Yogurt Alpina 1L","Lacteos",8,733500.00,"2025-12-21 22:11:00"
"Queso Campesino 500g","Lacteos",7,733500.00,"2025-12-21 22:11:00"
"Mantequilla 250g","Lacteos",3,733500.00,"2025-12-21 22:11:00"
"Coca-Cola 350ml","Bebidas",10,733500.00,"2025-12-21 22:11:00"
"Gaseosa Postobon Manzana 350ml","Bebidas",8,733500.00,"2025-12-21 22:11:00"
"Agua Cristal 600ml","Bebidas",12,627800.00,"2025-12-21 18:45:00"
"Cerveza Poker 330ml","Bebidas",9,627800.00,"2025-12-21 18:45:00"
"Papel Higienico Familia x4","Aseo",3,627800.00,"2025-12-21 18:45:00"
"Sardina Isabel 170g","Enlatados",7,627800.00,"2025-12-21 18:45:00"
"Frijoles enlatados Zenú 300g","Enlatados",1,627800.00,"2025-12-21 18:45:00"
"Maiz tierno Zenú 300g","Enlatados",3,627800.00,"2025-12-21 18:45:00"
"Papas Margarita Natural 30g","Snacks",9,627800.00,"2025-12-21 18:45:00"
"Galletas Festival Chocolate","Snacks",10,627800.00,"2025-12-21 18:45:00"
"Chocolate Jet 50g","Snacks",1,627800.00,"2025-12-21 18:45:00"
"Chocoramo","Snacks",12,627800.00,"2025-12-21 18:45:00"
"Aceite Girasol 1L","Basicos hogar",8,627800.00,"2025-12-21 18:45:00"
"Azucar Manuelita 1Kg","Basicos hogar",16,627800.00,"2025-12-21 18:45:00"
"Cafe Sello Rojo 250g","Basicos hogar",12,627800.00,"2025-12-21 18:45:00"
"Huevos x30 unidades","Basicos hogar",14,627800.00,"2025-12-21 18:45:00"
"Arroz Diana 1Kg","Granos y cereales",9,1190600.00,"2025-12-20 15:23:00"
"Arroz Roa 5Kg","Granos y cereales",12,1190600.00,"2025-12-20 15:23:00"
"Lentejas 500g","Granos y cereales",9,1190600.00,"2025-12-20 15:23:00"
"Frijol rojo 500g","Granos y cereales",5,1190600.00,"2025-12-20 15:23:00"
"Pasta Doria Espagueti 250g","Granos y cereales",10,1190600.00,"2025-12-20 15:23:00"
"Harina de Trigo 1Kg","Granos y cereales",3,1190600.00,"2025-12-20 15:23:00"
"Leche Alqueria Entera 1L","Lacteos",4,1190600.00,"2025-12-20 15:23:00"
"Leche Colanta Deslactosada 1L","Lacteos",13,1190600.00,"2025-12-20 15:23:00"
"Yogurt Alpina 1L","Lacteos",14,1190600.00,"2025-12-20 15:23:00"
"Mantequilla 250g","Lacteos",1,1190600.00,"2025-12-20 15:23:00"
"Coca-Cola 350ml","Bebidas",13,1190600.00,"2025-12-20 15:23:00"
"Gaseosa Postobon Manzana 350ml","Bebidas",14,1190600.00,"2025-12-20 15:23:00"
"Jugo Hit Naranja 1L","Bebidas",7,1190600.00,"2025-12-20 15:23:00"
"Agua Cristal 600ml","Bebidas",5,1190600.00,"2025-12-20 15:23:00"
"Cerveza Poker 330ml","Bebidas",9,1190600.00,"2025-12-20 15:23:00"
"Detergente Fab 1Kg","Aseo",3,1190600.00,"2025-12-20 15:23:00"
"Papel Higienico Familia x4","Aseo",3,1190600.00,"2025-12-20 15:23:00"
"Sardina Isabel 170g","Enlatados",3,1190600.00,"2025-12-20 15:23:00"
"Maiz tierno Zenú 300g","Enlatados",3,1190600.00,"2025-12-20 15:23:00"
"Salchicha Ranchera x5","Enlatados",7,1190600.00,"2025-12-20 15:23:00"
"Papas Margarita Natural 30g","Snacks",12,1190600.00,"2025-12-20 15:23:00"
"Galletas Festival Chocolate","Snacks",5,1190600.00,"2025-12-20 15:23:00"
"Chocolate Jet 50g","Snacks",7,1190600.00,"2025-12-20 15:23:00"
"Chocoramo","Snacks",10,1190600.00,"2025-12-20 15:23:00"
"Aceite Girasol 1L","Basicos hogar",7,1190600.00,"2025-12-20 15:23:00"
"Azucar Manuelita 1Kg","Basicos hogar",4,1190600.00,"2025-12-20 15:23:00"
"Cafe Sello Rojo 250g","Basicos hogar",5,1190600.00,"2025-12-20 15:23:00"
"Panela redonda 500g","Basicos hogar",7,1190600.00,"2025-12-20 15:23:00"
"Huevos x30 unidades","Basicos hogar",14,1190600.00,"2025-12-20 15:23:00"
"Leche Colanta Deslactosada 1L","Lacteos",5,137000.00,"2025-12-20 01:17:00"
"Yogurt Alpina 1L","Lacteos",11,137000.00,"2025-12-20 01:17:00"
"Queso Campesino 500g","Lacteos",1,137000.00,"2025-12-20 01:17:00"
"Coca-Cola 350ml","Bebidas",11,137000.00,"2025-12-20 01:17:00"
"Agua Cristal 600ml","Bebidas",11,137000.00,"2025-12-20 01:17:00"
"Arroz Diana 1Kg","Granos y cereales",9,160500.00,"2025-12-19 22:15:00"
"Arroz Roa 5Kg","Granos y cereales",4,160500.00,"2025-12-19 22:15:00"
"Frijol rojo 500g","Granos y cereales",3,160500.00,"2025-12-19 22:15:00"
"Pasta Doria Espagueti 250g","Granos y cereales",3,160500.00,"2025-12-19 22:15:00"
"Leche Alqueria Entera 1L","Lacteos",5,160500.00,"2025-12-19 22:15:00"
"Cerveza Poker 330ml","Bebidas",4,67800.00,"2025-12-19 19:59:00"
"Cloro Blancox 500ml","Aseo",2,67800.00,"2025-12-19 19:59:00"
"Atun Van Camps 160g","Enlatados",3,67800.00,"2025-12-19 19:59:00"
"Papas Margarita Natural 30g","Snacks",12,67800.00,"2025-12-19 19:59:00"
"Galletas Festival Chocolate","Snacks",6,67800.00,"2025-12-19 19:59:00"
"Chocoramo","Snacks",3,251700.00,"2025-12-19 17:32:00"
"Aceite Girasol 1L","Basicos hogar",9,251700.00,"2025-12-19 17:32:00"
"Azucar Manuelita 1Kg","Basicos hogar",8,251700.00,"2025-12-19 17:32:00"
"Cafe Sello Rojo 250g","Basicos hogar",10,251700.00,"2025-12-19 17:32:00"
"Huevos x30 unidades","Basicos hogar",3,251700.00,"2025-12-19 17:32:00"
"Salchicha Ranchera x5","Enlatados",2,236600.00,"2025-12-18 20:24:00"
"Papas Margarita Natural 30g","Snacks",10,236600.00,"2025-12-18 20:24:00"
"Galletas Festival Chocolate","Snacks",5,236600.00,"2025-12-18 20:24:00"
"Chocoramo","Snacks",11,236600.00,"2025-12-18 20:24:00"
"Aceite Girasol 1L","Basicos hogar",4,236600.00,"2025-12-18 20:24:00"
"Azucar Manuelita 1Kg","Basicos hogar",12,236600.00,"2025-12-18 20:24:00"
"Cafe Sello Rojo 250g","Basicos hogar",5,236600.00,"2025-12-18 20:24:00"
"Huevos x30 unidades","Basicos hogar",3,236600.00,"2025-12-18 20:24:00"
"Arroz Diana 1Kg","Granos y cereales",8,392600.00,"2025-12-18 20:07:00"
"Arroz Roa 5Kg","Granos y cereales",9,392600.00,"2025-12-18 20:07:00"
"Lentejas 500g","Granos y cereales",10,392600.00,"2025-12-18 20:07:00"
"Avena Quaker 400g","Granos y cereales",2,392600.00,"2025-12-18 20:07:00"
"Pasta Doria Espagueti 250g","Granos y cereales",11,392600.00,"2025-12-18 20:07:00"
"Harina de Trigo 1Kg","Granos y cereales",3,392600.00,"2025-12-18 20:07:00"
"Leche Alqueria Entera 1L","Lacteos",9,392600.00,"2025-12-18 20:07:00"
"Leche Colanta Deslactosada 1L","Lacteos",11,392600.00,"2025-12-18 20:07:00"
"Yogurt Alpina 1L","Lacteos",12,145600.00,"2025-12-18 19:50:00"
"Coca-Cola 350ml","Bebidas",5,145600.00,"2025-12-18 19:50:00"
"Gaseosa Postobon Manzana 350ml","Bebidas",10,145600.00,"2025-12-18 19:50:00"
"Jugo Hit Naranja 1L","Bebidas",3,145600.00,"2025-12-18 19:50:00"
"Agua Cristal 600ml","Bebidas",3,145600.00,"2025-12-18 19:50:00"
"Cerveza Poker 330ml","Bebidas",3,145600.00,"2025-12-18 19:50:00"
"Atun Van Camps 160g","Enlatados",2,145600.00,"2025-12-18 19:50:00"
"Frijoles enlatados Zenú 300g","Enlatados",2,145600.00,"2025-12-18 19:50:00"
"Arroz Diana 1Kg","Granos y cereales",5,193300.00,"2025-12-17 22:26:00"
"Arroz Roa 5Kg","Granos y cereales",4,193300.00,"2025-12-17 22:26:00"
"Lentejas 500g","Granos y cereales",6,193300.00,"2025-12-17 22:26:00"
"Frijol rojo 500g","Granos y cereales",9,193300.00,"2025-12-17 22:26:00"
"Avena Quaker 400g","Granos y cereales",3,193300.00,"2025-12-17 22:26:00"
"Pasta Doria Espagueti 250g","Granos y cereales",3,193300.00,"2025-12-17 22:26:00"
"Harina de Trigo 1Kg","Granos y cereales",2,193300.00,"2025-12-17 22:26:00"
"Papas Margarita Natural 30g","Snacks",9,147800.00,"2025-12-17 21:22:00"
"Galletas Festival Chocolate","Snacks",4,147800.00,"2025-12-17 21:22:00"
"Aceite Girasol 1L","Basicos hogar",4,147800.00,"2025-12-17 21:22:00"
"Cafe Sello Rojo 250g","Basicos hogar",5,147800.00,"2025-12-17 21:22:00"
"Huevos x30 unidades","Basicos hogar",3,147800.00,"2025-12-17 21:22:00"
"Leche Alqueria Entera 1L","Lacteos",5,175000.00,"2025-12-17 18:43:00"
"Leche Colanta Deslactosada 1L","Lacteos",6,175000.00,"2025-12-17 18:43:00"
"Yogurt Alpina 1L","Lacteos",6,175000.00,"2025-12-17 18:43:00"
"Mantequilla 250g","Lacteos",5,175000.00,"2025-12-17 18:43:00"
"Coca-Cola 350ml","Bebidas",12,175000.00,"2025-12-17 18:43:00"
"Gaseosa Postobon Manzana 350ml","Bebidas",9,175000.00,"2025-12-17 18:43:00"
"Jugo Hit Naranja 1L","Bebidas",5,175000.00,"2025-12-17 18:43:00"
"Agua Cristal 600ml","Bebidas",12,90100.00,"2025-12-17 16:30:00"
"Cerveza Poker 330ml","Bebidas",10,90100.00,"2025-12-17 16:30:00"
"Aguardiante Antioqueno 375ml","Bebidas",1,90100.00,"2025-12-17 16:30:00"
"Cloro Blancox 500ml","Aseo",2,90100.00,"2025-12-17 16:30:00"
"Frijoles enlatados Zenú 300g","Enlatados",2,90100.00,"2025-12-17 16:30:00"
"Maiz tierno Zenú 300g","Enlatados",1,90100.00,"2025-12-17 16:30:00"
"Salchicha Ranchera x5","Enlatados",1,90100.00,"2025-12-17 16:30:00"
"Arroz Diana 1Kg","Granos y cereales",8,683500.00,"2025-12-16 17:36:00"
"Arroz Roa 5Kg","Granos y cereales",10,683500.00,"2025-12-16 17:36:00"
"Lentejas 500g","Granos y cereales",13,683500.00,"2025-12-16 17:36:00"
"Frijol rojo 500g","Granos y cereales",4,683500.00,"2025-12-16 17:36:00"
"Pasta Doria Espagueti 250g","Granos y cereales",15,683500.00,"2025-12-16 17:36:00"
"Harina de Trigo 1Kg","Granos y cereales",1,683500.00,"2025-12-16 17:36:00"
"Leche Alqueria Entera 1L","Lacteos",10,683500.00,"2025-12-16 17:36:00"
"Leche Colanta Deslactosada 1L","Lacteos",15,683500.00,"2025-12-16 17:36:00"
"Yogurt Alpina 1L","Lacteos",7,683500.00,"2025-12-16 17:36:00"
"Queso Campesino 500g","Lacteos",6,683500.00,"2025-12-16 17:36:00"
"Coca-Cola 350ml","Bebidas",13,683500.00,"2025-12-16 17:36:00"
"Gaseosa Postobon Manzana 350ml","Bebidas",13,683500.00,"2025-12-16 17:36:00"
"Jugo Hit Naranja 1L","Bebidas",1,683500.00,"2025-12-16 17:36:00"
"Agua Cristal 600ml","Bebidas",11,683500.00,"2025-12-16 17:36:00"
"Cerveza Poker 330ml","Bebidas",15,683500.00,"2025-12-16 17:36:00"
"Jabon Rey 300g","Aseo",3,683500.00,"2025-12-16 17:36:00"
"Papel Higienico Familia x4","Aseo",7,414600.00,"2025-12-16 15:08:00"
"Cloro Blancox 500ml","Aseo",1,414600.00,"2025-12-16 15:08:00"
"Atun Van Camps 160g","Enlatados",3,414600.00,"2025-12-16 15:08:00"
"Sardina Isabel 170g","Enlatados",6,414600.00,"2025-12-16 15:08:00"
"Frijoles enlatados Zenú 300g","Enlatados",7,414600.00,"2025-12-16 15:08:00"
"Salchicha Ranchera x5","Enlatados",6,414600.00,"2025-12-16 15:08:00"
"Papas Margarita Natural 30g","Snacks",7,414600.00,"2025-12-16 15:08:00"
"Galletas Festival Chocolate","Snacks",13,414600.00,"2025-12-16 15:08:00"
"Chiclets Adams x3","Snacks",1,414600.00,"2025-12-16 15:08:00"
"Chocoramo","Snacks",4,414600.00,"2025-12-16 15:08:00"
"Aceite Girasol 1L","Basicos hogar",6,414600.00,"2025-12-16 15:08:00"
"Azucar Manuelita 1Kg","Basicos hogar",4,414600.00,"2025-12-16 15:08:00"
"Cafe Sello Rojo 250g","Basicos hogar",6,414600.00,"2025-12-16 15:08:00"
"Panela redonda 500g","Basicos hogar",4,414600.00,"2025-12-16 15:08:00"
"Huevos x30 unidades","Basicos hogar",6,414600.00,"2025-12-16 15:08:00"
"Jabon Rey 300g","Aseo",3,149200.00,"2025-12-15 23:44:00"
"Papel Higienico Familia x4","Aseo",6,149200.00,"2025-12-15 23:44:00"
"Atun Van Camps 160g","Enlatados",1,149200.00,"2025-12-15 23:44:00"
"Frijoles enlatados Zenú 300g","Enlatados",7,149200.00,"2025-12-15 23:44:00"
"Salchicha Ranchera x5","Enlatados",7,149200.00,"2025-12-15 23:44:00"
"Papas Margarita Natural 30g","Snacks",15,149200.00,"2025-12-15 23:44:00"
"Galletas Festival Chocolate","Snacks",4,149200.00,"2025-12-15 23:44:00"
"Arroz Diana 1Kg","Granos y cereales",6,565700.00,"2025-12-15 23:06:00"
"Arroz Roa 5Kg","Granos y cereales",17,565700.00,"2025-12-15 23:06:00"
"Lentejas 500g","Granos y cereales",14,565700.00,"2025-12-15 23:06:00"
"Frijol rojo 500g","Granos y cereales",13,565700.00,"2025-12-15 23:06:00"
"Avena Quaker 400g","Granos y cereales",1,565700.00,"2025-12-15 23:06:00"
"Pasta Doria Espagueti 250g","Granos y cereales",8,565700.00,"2025-12-15 23:06:00"
"Leche Alqueria Entera 1L","Lacteos",17,565700.00,"2025-12-15 23:06:00"
"Leche Colanta Deslactosada 1L","Lacteos",6,176700.00,"2025-12-15 20:26:00"
"Yogurt Alpina 1L","Lacteos",8,176700.00,"2025-12-15 20:26:00"
"Mantequilla 250g","Lacteos",6,176700.00,"2025-12-15 20:26:00"
"Coca-Cola 350ml","Bebidas",15,176700.00,"2025-12-15 20:26:00"
"Gaseosa Postobon Manzana 350ml","Bebidas",7,176700.00,"2025-12-15 20:26:00"
"Agua Cristal 600ml","Bebidas",7,176700.00,"2025-12-15 20:26:00"
"Cerveza Poker 330ml","Bebidas",4,176700.00,"2025-12-15 20:26:00"
"Chocolate Jet 50g","Snacks",1,588500.00,"2025-12-15 14:56:00"
"Chiclets Adams x3","Snacks",1,588500.00,"2025-12-15 14:56:00"
"Chocoramo","Snacks",6,588500.00,"2025-12-15 14:56:00"
"Aceite Girasol 1L","Basicos hogar",17,588500.00,"2025-12-15 14:56:00"
"Azucar Manuelita 1Kg","Basicos hogar",13,588500.00,"2025-12-15 14:56:00"
"Cafe Sello Rojo 250g","Basicos hogar",17,588500.00,"2025-12-15 14:56:00"
"Huevos x30 unidades","Basicos hogar",14,588500.00,"2025-12-15 14:56:00"
"Coca-Cola 350ml","Bebidas",9,254400.00,"2025-12-14 19:50:00"
"Gaseosa Postobon Manzana 350ml","Bebidas",10,254400.00,"2025-12-14 19:50:00"
"Jugo Hit Naranja 1L","Bebidas",3,254400.00,"2025-12-14 19:50:00"
"Agua Cristal 600ml","Bebidas",12,254400.00,"2025-12-14 19:50:00"
"Cerveza Poker 330ml","Bebidas",9,254400.00,"2025-12-14 19:50:00"
"Detergente Fab 1Kg","Aseo",3,254400.00,"2025-12-14 19:50:00"
"Cloro Blancox 500ml","Aseo",3,254400.00,"2025-12-14 19:50:00"
"Cepillo de Dientes Colgate","Aseo",1,254400.00,"2025-12-14 19:50:00"
"Atun Van Camps 160g","Enlatados",7,254400.00,"2025-12-14 19:50:00"
"Frijoles enlatados Zenú 300g","Enlatados",7,254400.00,"2025-12-14 19:50:00"
"Salchicha Ranchera x5","Enlatados",4,254400.00,"2025-12-14 19:50:00"
"Papas Margarita Natural 30g","Snacks",12,254400.00,"2025-12-14 19:50:00"
"Arroz Diana 1Kg","Granos y cereales",7,476000.00,"2025-12-14 16:13:00"
"Arroz Roa 5Kg","Granos y cereales",9,476000.00,"2025-12-14 16:13:00"
"Lentejas 500g","Granos y cereales",5,476000.00,"2025-12-14 16:13:00"
"Frijol rojo 500g","Granos y cereales",5,476000.00,"2025-12-14 16:13:00"
"Avena Quaker 400g","Granos y cereales",1,476000.00,"2025-12-14 16:13:00"
"Pasta Doria Espagueti 250g","Granos y cereales",4,476000.00,"2025-12-14 16:13:00"
"Harina de Trigo 1Kg","Granos y cereales",7,476000.00,"2025-12-14 16:13:00"
"Leche Alqueria Entera 1L","Lacteos",8,476000.00,"2025-12-14 16:13:00"
"Leche Colanta Deslactosada 1L","Lacteos",7,476000.00,"2025-12-14 16:13:00"
"Yogurt Alpina 1L","Lacteos",14,476000.00,"2025-12-14 16:13:00"
"Queso Campesino 500g","Lacteos",3,476000.00,"2025-12-14 16:13:00"
"Mantequilla 250g","Lacteos",4,476000.00,"2025-12-14 16:13:00"
"Galletas Festival Chocolate","Snacks",4,485900.00,"2025-12-14 13:23:00"
"Chocolate Jet 50g","Snacks",4,485900.00,"2025-12-14 13:23:00"
"Chiclets Adams x3","Snacks",1,485900.00,"2025-12-14 13:23:00"
"Chocoramo","Snacks",5,485900.00,"2025-12-14 13:23:00"
"Aceite Girasol 1L","Basicos hogar",16,485900.00,"2025-12-14 13:23:00"
"Azucar Manuelita 1Kg","Basicos hogar",14,485900.00,"2025-12-14 13:23:00"
"Sal Refisal 1Kg","Basicos hogar",1,485900.00,"2025-12-14 13:23:00"
"Cafe Sello Rojo 250g","Basicos hogar",5,485900.00,"2025-12-14 13:23:00"
"Panela redonda 500g","Basicos hogar",1,485900.00,"2025-12-14 13:23:00"
"Huevos x30 unidades","Basicos hogar",13,485900.00,"2025-12-14 13:23:00"